学校,学院,url
清华大学,信息科学技术学院,http://www.sist.tsinghua.edu.cn/docinfo/board5/boardlist.jsp?columnId=004&parentColumnId=004
清华大学,信息科学技术学院,http://www.ee.tsinghua.edu.cn/publish/ee/3727/index.html
清华大学,信息科学技术学院,http://www.cs.tsinghua.edu.cn/publish/cs/4797/index.html
清华大学,信息科学技术学院,http://www.au.tsinghua.edu.cn/publish/au/1095/index.html
清华大学,信息科学技术学院,http://www.ime.tsinghua.edu.cn/publish/ime/5902/index.html
清华大学,信息科学技术学院,http://www.thss.tsinghua.edu.cn/publish/soft/3655/index.html
清华大学,信息科学技术学院,http://www.riit.tsinghua.edu.cn/column/szdw_jsml
清华大学,信息科学技术学院,http://www.insc.tsinghua.edu.cn/publish/wyy/10784/index.html
清华大学,信息科学技术学院,http://www.sist.tsinghua.edu.cn/docinfo/board5/boardlist.jsp?columnId=00120&parentColumnId=00120
北京航空航天大学,电子信息工程学院,http://www.ee.buaa.edu.cn/szdw/qtjs.htm
天津大学,电子信息工程学院,http://www.tju.edu.cn/seie/szdw/qrjh/
天津大学,电子信息工程学院,http://www.tju.edu.cn/seie/szdw/cjxz/
天津大学,电子信息工程学院,http://www.tju.edu.cn/seie/szdw/js/
天津大学,电子信息工程学院,http://www.tju.edu.cn/seie/szdw/fjs/
天津大学,电子信息工程学院,http://www.tju.edu.cn/seie/szdw/online/201608/t20160826_284782.html
杭州电子科技大学,电子信息工程学院,http://www.hziee.edu.cn/index.php?c=Index&a=content&catid=20&web=chinese
深圳大学,电子信息工程学院,http://cie.szu.edu.cn/szucie//index.php/category/jsfc/
中国科学技术大学,信息科学技术学院,http://sist.ustc.edu.cn/2017/0804/c5137a190408/page.htm
中国科学技术大学,信息科学技术学院,http://sist.ustc.edu.cn/2017/0804/c5137a190410/page.htm
中国科学技术大学,信息科学技术学院,http://sist.ustc.edu.cn/2017/0804/c5137a216989/page.htm
浙江大学,信息电子工程学院,http://www.isee.zju.edu.cn/usersearch.php?catalog_id=15&cmd=user
浙江大学,信息电子工程学院,http://www.isee.zju.edu.cn/usersearch.php?cmd=user&page=2&zhicheng=&zhiwu=&tebie=&catalog_id=15
浙江大学,信息电子工程学院,http://www.isee.zju.edu.cn/usersearch.php?cmd=user&page=3&zhicheng=&zhiwu=&tebie=&catalog_id=15
浙江大学,信息电子工程学院,http://www.isee.zju.edu.cn/usersearch.php?cmd=user&page=4&zhicheng=&zhiwu=&tebie=&catalog_id=15
浙江大学,信息电子工程学院,http://www.isee.zju.edu.cn/usersearch.php?cmd=user&page=5&zhicheng=&zhiwu=&tebie=&catalog_id=15
浙江大学,信息电子工程学院,http://www.isee.zju.edu.cn/usersearch.php?cmd=user&page=6&zhicheng=&zhiwu=&tebie=&catalog_id=15
浙江大学,信息电子工程学院,http://www.isee.zju.edu.cn/usersearch.php?cmd=user&page=7&zhicheng=&zhiwu=&tebie=&catalog_id=15
浙江大学,信息电子工程学院,http://www.isee.zju.edu.cn/usersearch.php?cmd=user&page=8&zhicheng=&zhiwu=&tebie=&catalog_id=15
浙江大学,信息电子工程学院,http://www.isee.zju.edu.cn/usersearch.php?cmd=user&page=9&zhicheng=&zhiwu=&tebie=&catalog_id=15
浙江大学,信息电子工程学院,http://www.isee.zju.edu.cn/usersearch.php?cmd=user&page=10&zhicheng=&zhiwu=&tebie=&catalog_id=15
浙江大学,信息电子工程学院,http://www.isee.zju.edu.cn/usersearch.php?cmd=user&page=11&zhicheng=&zhiwu=&tebie=&catalog_id=15
浙江大学,信息电子工程学院,http://www.isee.zju.edu.cn/usersearch.php?cmd=user&page=12&zhicheng=&zhiwu=&tebie=&catalog_id=15
浙江大学,信息电子工程学院,http://www.isee.zju.edu.cn/usersearch.php?cmd=user&page=13&zhicheng=&zhiwu=&tebie=&catalog_id=15
浙江大学,信息电子工程学院,http://www.isee.zju.edu.cn/usersearch.php?cmd=user&page=14&zhicheng=&zhiwu=&tebie=&catalog_id=15
浙江大学,信息电子工程学院,http://www.isee.zju.edu.cn/usersearch.php?cmd=user&page=15&zhicheng=&zhiwu=&tebie=&catalog_id=15
浙江大学,信息电子工程学院,http://www.isee.zju.edu.cn/usersearch.php?cmd=user&page=16&zhicheng=&zhiwu=&tebie=&catalog_id=15
浙江大学,信息电子工程学院,http://www.isee.zju.edu.cn/usersearch.php?cmd=user&page=17&zhicheng=&zhiwu=&tebie=&catalog_id=15
浙江大学,信息电子工程学院,http://www.isee.zju.edu.cn/usersearch.php?cmd=user&page=18&zhicheng=&zhiwu=&tebie=&catalog_id=15
西安电子科技大学,电子工程学院,http://see.xidian.edu.cn/html/page/177.html
电子科技大学,电子工程学院,http://www.ee.uestc.edu.cn/index/15/75/164
燕山大学,信息科学与工程学院,http://ise.ysu.edu.cn/excellentServlet.do?action=all
华中科技大学,电子信息与通信学院,http://ei.hust.edu.cn/xygk/szdw/txgcx.htm
华中科技大学,电子信息与通信学院,http://ei.hust.edu.cn/xygk/szdw/xxgcx.htm
华中科技大学,电子信息与通信学院,http://ei.hust.edu.cn/xygk/szdw/dzgcx.htm
华中科技大学,电子信息与通信学院,http://ei.hust.edu.cn/xygk/szdw/jxsyzx.htm
南京理工大学,电子工程与光电技术学院,http://eoe.njust.edu.cn/1847/list.htm
北京信息科技大学,仪器科学与光电工程学院,http://gd.bistu.edu.cn//szdw/jcrc/
北京信息科技大学,仪器科学与光电工程学院,http://gd.bistu.edu.cn//szdw/xyjs/
东北大学,信息科学与工程学院,http://www.ise.neu.edu.cn/lyys.html
东北大学,信息科学与工程学院,http://www.ise.neu.edu.cn/gwykxpyzcy.html
东北大学,信息科学与工程学院,http://www.ise.neu.edu.cn/qrjh.html
东北大学,信息科学与工程学院,http://www.ise.neu.edu.cn/cjxz.html
东北大学,信息科学与工程学院,http://www.ise.neu.edu.cn/gjjcqnjjhdz.html
东北大学,信息科学与工程学院,http://www.ise.neu.edu.cn/wrjh.html
东北大学,信息科学与工程学院,http://www.ise.neu.edu.cn/gjyxqnjjhdz.html
东北大学,信息科学与工程学院,http://www.ise.neu.edu.cn/xsjyxrc.html
东北大学,信息科学与工程学院,http://www.ise.neu.edu.cn/jxms.html
东北大学,信息科学与工程学院,http://www.ise.neu.edu.cn/jxms/p2.html
东北大学,信息科学与工程学院,http://www.ise.neu.edu.cn/qrjh/p2.html
东北大学,信息科学与工程学院,http://www.ise.neu.edu.cn/qrjh/p3.html
东北大学,信息科学与工程学院,http://www.ise.neu.edu.cn/qrjh/p4.html
东北大学,信息科学与工程学院,http://www.ise.neu.edu.cn/cjxz/p2.html
东北大学,信息科学与工程学院,http://www.ise.neu.edu.cn/cjxz/p3.html
东北大学,信息科学与工程学院,http://www.ise.neu.edu.cn/gjjcqnjjhdz/p2.html
东北大学,信息科学与工程学院,http://www.ise.neu.edu.cn/xsjyxrc/p2.html
东北大学,信息科学与工程学院,http://www.ise.neu.edu.cn/xsjyxrc/p3.html
东北大学,信息科学与工程学院,http://www.ise.neu.edu.cn/xsjyxrc/p4.html
东北大学,信息科学与工程学院,http://www.ise.neu.edu.cn/xsjyxrc/p5.html
大连理工大学,信息与通信工程学院,http://ice.dlut.edu.cn/ice/staticpage/teachers.html
北京电子科技学院,电子工程学院,http://dzgcxy.cuit.edu.cn/erji.jsp?urltype=tree.TreeTempUrl&wbtreeid=1610
南京邮电大学,信息与通信工程学院,http://ctie.njupt.edu.cn/2775/list.htm
南京邮电大学,信息与通信工程学院,http://ctie.njupt.edu.cn/2776/list.htm
南京邮电大学,信息与通信工程学院,http://ctie.njupt.edu.cn/2777/list.htm
南京邮电大学,信息与通信工程学院,http://ctie.njupt.edu.cn/2777/list.htm
南京邮电大学,信息与通信工程学院,http://ctie.njupt.edu.cn/2779/list.htm
南京邮电大学,信息与通信工程学院,http://ctie.njupt.edu.cn/2780/list.htm
南京邮电大学,信息与通信工程学院,http://ctie.njupt.edu.cn/2781/list.htm
南京邮电大学,信息与通信工程学院,http://ctie.njupt.edu.cn/2782/list.htm
南京邮电大学,信息与通信工程学院,http://ctie.njupt.edu.cn/2783/list.htm
南京邮电大学,信息与通信工程学院,http://ctie.njupt.edu.cn/2784/list.htm
西南交通大学,电气工程学院,http://dqxy.swjtu.edu.cn/Website/Elec/teacher/teacher.html?flag=270
西南交通大学,电气工程学院,http://dqxy.swjtu.edu.cn/Website/Elec/teacher/teacher.html?flag=271
西南交通大学,电气工程学院,http://dqxy.swjtu.edu.cn/Website/Elec/teacher/teacher.html?flag=272
重庆大学,电气工程学院,http://www.cee.cqu.edu.cn/jsyd/jszy.htm
云南民族大学,电气信息工程学院,http://dxxy.ynni.edu.cn/web/13905/showartical?ArticalId=dd06be7f-b616-4f81-b3cb-c30ccdf6ba0a
中南民族大学,电子信息工程学院,http://dxxy.scuec.edu.cn/s/49/t/1147/bd/af/info48559.htm
浙江理工大学,信息学院,http://xinxi.zstu.edu.cn/szdw/sssds.htm
浙江理工大学,信息学院,http://xinxi.zstu.edu.cn/szdw/bssds.htm
浙江理工大学,信息学院,http://xinxi.zstu.edu.cn/szdw/jsfc.htm
浙江理工大学,信息学院,http://xinxi.zstu.edu.cn/szdw/jsfc/1.htm
武汉理工大学,计算机科学与技术学院,http://cst.whut.edu.cn/xygk/szdw/
吉林大学,电子科学与工程学院,http://ee.jlu.edu.cn/szdw/wdkxygcx.htm
吉林大学,电子科学与工程学院,http://ee.jlu.edu.cn/szdw/gdkxygcx.htm
吉林大学,电子科学与工程学院,http://ee.jlu.edu.cn/szdw/cgkxygcx.htm
吉林大学,电子科学与工程学院,http://ee.jlu.edu.cn/szdw/dzxxkxyjsx.htm
吉林大学,电子科学与工程学院,http://ee.jlu.edu.cn/szdw/dzxxgcx.htm
吉林大学,电子科学与工程学院,http://ee.jlu.edu.cn/szdw/swyxx.htm
吉林大学,电子科学与工程学院,http://ee.jlu.edu.cn/szdw/dgdzsyjxzx.htm
吉林大学,电子科学与工程学院,http://ee.jlu.edu.cn/szdw/wdygdsyjxzx.htm
吉林大学,电子科学与工程学院,http://ee.jlu.edu.cn/szdw/dzxxgczhsys.htm
东北电力大学,自动化工程学院,http://auto.neepu.edu.cn/info/1223/1089.htm
上海工程技术大学,电子与信息工程学院,http://seie.hit.edu.cn/1812/list.htm
上海工程技术大学,电子与信息工程学院,http://seie.hit.edu.cn/1813/list.htm
上海工程技术大学,电子与信息工程学院,http://seie.hit.edu.cn/1814/list.htm
上海工程技术大学,电子与信息工程学院,http://seie.hit.edu.cn/1815/list.htm
中国农业大学,信息与电气工程学院,http://ciee.cau.edu.cn/col/col26690/index.html
中国农业大学,信息与电气工程学院,http://www1.ahu.edu.cn/dy/info.aspx?cid=24
中国农业大学,信息与电气工程学院,http://www1.ahu.edu.cn/dy/info.aspx?cid=24&tid=176
中国农业大学,信息与电气工程学院,http://www1.ahu.edu.cn/dy/info.aspx?cid=24&tid=209
中国农业大学,信息与电气工程学院,http://www1.ahu.edu.cn/dy/info.aspx?cid=24&tid=178
中国农业大学,信息与电气工程学院,http://www1.ahu.edu.cn/dy/info.aspx?cid=24&tid=210
中国农业大学,信息与电气工程学院,http://www1.ahu.edu.cn/dy/info.aspx?cid=24&tid=211
北方工业大学,电子信息工程学院,http://cie.ncut.edu.cn/info/1018/1102.htm
北方工业大学,电子信息工程学院,http://cie.ncut.edu.cn/info/1018/1101.htm
北方工业大学,电子信息工程学院,http://cie.ncut.edu.cn/info/1018/1100.htm
合肥学院,电子系,http://www.hfuu.edu.cn/dzx/1068/list.htm
江苏理工学院,电气信息工程学院,http://dxxy.jstu.edu.cn/1793/list.htm
江苏理工学院,电气信息工程学院,http://dxxy.jstu.edu.cn/1793/list2.htm
江苏理工学院,电气信息工程学院,http://dxxy.jstu.edu.cn/1793/list3.htm
江苏理工学院,电气信息工程学院,http://dxxy.jstu.edu.cn/1794/list.htm
江苏理工学院,电气信息工程学院,http://dxxy.jstu.edu.cn/1792/list.htm
南昌航空大学,信息工程学院,http://sie.nchu.edu.cn/channel/index.asp?channelid=3
山东科技大学,电气与自动化工程学院,http://xindian.sdust.edu.cn/
沈阳航空航天大学,电子信息工程学院,http://dzx.sau.edu.cn/szdw/index.asp?cataid=A01630036
沈阳航空航天大学,电子信息工程学院,http://dzx.sau.edu.cn/szdw/index.asp?id=2
沈阳航空航天大学,电子信息工程学院,http://dzx.sau.edu.cn/szdw/index.asp?ID=2&Page=2
沈阳航空航天大学,电子信息工程学院,http://dzx.sau.edu.cn/szdw/index.asp?id=3
沈阳航空航天大学,电子信息工程学院,http://dzx.sau.edu.cn/szdw/index.asp?ID=3&Page=2
沈阳航空航天大学,电子信息工程学院,http://dzx.sau.edu.cn/szdw/index.asp?ID=3&Page=3
沈阳航空航天大学,电子信息工程学院,http://dzx.sau.edu.cn/szdw/index.asp?id=4
沈阳航空航天大学,电子信息工程学院,http://dzx.sau.edu.cn/rcpy/index_3.asp?cataid=A018400020003
沈阳航空航天大学,电子信息工程学院,http://dzx.sau.edu.cn/rcpy/index_3.asp?cataid=A018400020003&Page=2
梧州学院,信息与电子工程学院,http://xdxy.gxuwz.edu.cn/szll.htm
梧州学院,信息与电子工程学院,http://xdxy.gxuwz.edu.cn/szll/1.htm
新疆大学,信息科学与工程学院,http://it.xju.edu.cn/szdw/xyjgml.htm
青岛大学,电子信息学院,http://dzxxxy.qdu.edu.cn/szdw/dzgcx.htm
青岛大学,电子信息学院,http://dzxxxy.qdu.edu.cn/szdw/dzxx.htm
青岛大学,电子信息学院,http://dzxxxy.qdu.edu.cn/szdw/txgcx.htm
青岛大学,电子信息学院,http://dzxxxy.qdu.edu.cn/szdw/wdzxx.htm
青岛大学,电子信息学院,http://dzxxxy.qdu.edu.cn/szdw/xhyxxclyjs.htm
青岛大学,电子信息学院,http://dzxxxy.qdu.edu.cn/szdw/zysyzx.htm
青岛大学,电子信息学院,http://dzxxxy.qdu.edu.cn/szdw/txgcx/1.htm
南京信息工程大学,电子与信息工程学院,http://dxy.nuist.edu.cn/Teacherlist.aspx?CI=2
安徽师范大学,物理与电子信息学院,http://physics.ahnu.edu.cn/5536/view
合肥工业大学,电气与自动化工程学院,http://ea.hfut.edu.cn/eaweb/index.php/cn/teachers/teacher-3
宁波工程学院,电子与信息工程学院,http://dx.nbut.edu.cn/info/2038/3317.htm
长安大学,信息工程学院,http://it.chd.edu.cn/szll/szdw/dzxxgcx.htm
北京邮电大学,电子工程学院,http://see.bupt.edu.cn/content/content.php?p=8_18_132
北京邮电大学,电子工程学院,http://see.bupt.edu.cn/content/content.php?p=8_17_133
北京邮电大学,电子工程学院,http://see.bupt.edu.cn/content/content.php?p=8_8_134
长江大学,电子信息学院,http://dxxy.yangtzeu.edu.cn/teacher1.html
常州工学院,电气与光电工程学院,http://dgxy.czu.cn/4735/list.htm
常州工学院,电气与光电工程学院,http://dgxy.czu.cn/4737/list.htm
常州工学院,电气与光电工程学院,http://dgxy.czu.cn/4738/list.htm
常州工学院,电气与光电工程学院,http://dgxy.czu.cn/4739/list.htm
湖南大学,电气与信息工程学院,http://eeit.hnu.edu.cn/index.php/dsce
湖南大学,电气与信息工程学院,http://eeit.hnu.edu.cn/index.php/dee
湖南大学,电气与信息工程学院,http://eeit.hnu.edu.cn/index.php/dest
湖南大学,电气与信息工程学院,http://eeit.hnu.edu.cn/index.php/laboratory-center
哈尔滨工业大学,电子与信息工程学院,http://seie.hit.edu.cn/1812/list.htm
哈尔滨工业大学,电子与信息工程学院,http://seie.hit.edu.cn/1813/list.htm
哈尔滨工业大学,电子与信息工程学院,http://seie.hit.edu.cn/1814/list.htm
哈尔滨工业大学,电子与信息工程学院,http://seie.hit.edu.cn/1815/list.htm
河海大学,计算机与信息学院,http://cies.hhu.edu.cn/4074/list.htm
北京工业大学,信息学部,http://xxxb.bjut.edu.cn/yjspy/dsxx/20161017/1476692128892298_1.html
淮阴工学院,电子信息工程学院,http://eie.hyit.edu.cn/Manager/NewsMore.aspx?newsLanmu1ID=6&newsLanmu2ID=9
宁夏大学,信息工程学院,http://xxgc.nxu.edu.cn/szdw/jsml.htm
宁夏大学,信息工程学院,http://xxgc.nxu.edu.cn/szdw/jsml1.htm
宁夏大学,信息工程学院,http://xxgc.nxu.edu.cn/szdw/sysml.htm
宁夏大学,信息工程学院,http://xxgc.nxu.edu.cn/szdw/qingnianml.htm
宁夏大学,信息工程学院,http://xxgc.nxu.edu.cn/szdw/qtryml.htm
上海电力学院,电子与信息工程学院,http://dxxy.shiep.edu.cn/index.php?option=com_content&view=article&id=1791&Itemid=105
西北工业大学,电子信息学院,http://dianzi.nwpu.edu.cn/szdw.htm
南华大学,电子信息工程,http://dqxy.usc.edu.cn/xygk/szdw.htm
天津理工大学,电子信息工程学院,http://eie.tjut.edu.cn/list.jsp?urltype=tree.TreeTempUrl&wbtreeid=1011
天津理工大学,电子信息工程学院,http://eie.tjut.edu.cn/list.jsp?urltype=tree.TreeTempUrl&wbtreeid=1029
天津理工大学,电子信息工程学院,http://eie.tjut.edu.cn/list.jsp?urltype=tree.TreeTempUrl&wbtreeid=1030
天津理工大学,电子信息工程学院,http://eie.tjut.edu.cn/xwzx1/tpbd/js.htm
天津理工大学,电子信息工程学院,http://eie.tjut.edu.cn/xwzx1/tpbd/js1.htm
天津理工大学,电子信息工程学院,http://eie.tjut.edu.cn/xwzx1/tpbd/js1/2.htm
天津理工大学,电子信息工程学院,http://eie.tjut.edu.cn/xwzx1/tpbd/js1/1.htm
天津理工大学,电子信息工程学院,http://eie.tjut.edu.cn/xwzx1/tpbd/js2.htm
天津理工大学,电子信息工程学院,http://eie.tjut.edu.cn/xwzx1/tpbd/js2/1.htm
南昌大学,信息工程学院,http://ies.ncu.edu.cn/xkjs/yjxk/index.htm
湖南理工学院,信息科学与工程学院,http://sice.hnist.cn/szdw/jsfc.htm
湖南理工学院,信息科学与工程学院,http://sice.hnist.cn/szdw/jsfc/6.htm
湖南理工学院,信息科学与工程学院,http://sice.hnist.cn/szdw/jsfc/5.htm
湖南理工学院,信息科学与工程学院,http://sice.hnist.cn/szdw/jsfc/4.htm
湖南理工学院,信息科学与工程学院,http://sice.hnist.cn/szdw/jsfc/3.htm
湖南理工学院,信息科学与工程学院,http://sice.hnist.cn/szdw/jsfc/2.htm
湖南理工学院,信息科学与工程学院,http://sice.hnist.cn/szdw/jsfc/1.htm
中国海洋大学,信息科学与工程学院,http://it.ouc.edu.cn/Display/teacherTeam.aspx?type=%E5%B8%88%E8%B5%84%E9%98%9F%E4%BC%8D&item=physics
中国海洋大学,信息科学与工程学院,http://it.ouc.edu.cn/Display/teacherTeam.aspx?type=%E5%B8%88%E8%B5%84%E9%98%9F%E4%BC%8D&item=electron
中国海洋大学,信息科学与工程学院,http://it.ouc.edu.cn/Display/teacherTeam.aspx?type=%E5%B8%88%E8%B5%84%E9%98%9F%E4%BC%8D&item=computer
中国海洋大学,信息科学与工程学院,http://it.ouc.edu.cn/Display/teacherTeam.aspx?type=%E5%B8%88%E8%B5%84%E9%98%9F%E4%BC%8D&item=ocean
中国海洋大学,信息科学与工程学院,http://it.ouc.edu.cn/Display/teacherTeam.aspx?type=%E5%B8%88%E8%B5%84%E9%98%9F%E4%BC%8D&item=it
哈尔滨工程大学,信息与通信工程学院,http://icec.hrbeu.edu.cn/4614/list.htm
哈尔滨工程大学,信息与通信工程学院,http://icec.hrbeu.edu.cn/4637/list.htm
武汉大学,电子信息学院,http://eis.whu.edu.cn/gxjs.shtml
四川大学,电子信息学院,http://eie.scu.edu.cn/szdw/ys.htm
北京理工大学,信息与电子学院,http://sie.bit.edu.cn/szdw/jstd/xhytxclyjs/index.htm
北京理工大学,信息与电子学院,http://sie.bit.edu.cn/szdw/jstd/txjzyjs2/index.htm
北京理工大学,信息与电子学院,http://sie.bit.edu.cn/szdw/jstd/wbjzyjs/index.htm
北京理工大学,信息与电子学院,http://sie.bit.edu.cn/szdw/jstd/wdzjzyjs/index.htm
北京理工大学,信息与电子学院,http://sie.bit.edu.cn/szdw/jstd/zyclqyjs/index.htm
北京理工大学,信息与电子学院,http://sie.bit.edu.cn/szdw/jstd/ldjzyjs1/index.htm
北京理工大学,信息与电子学院,http://sie.bit.edu.cn/szdw/jstd/ldydkjzyjs1/index.htm
北京理工大学,信息与电子学院,http://sie.bit.edu.cn/szdw/jstd/xxaqydkjzyjs/index.htm
北京理工大学,信息与电子学院,http://sie.bit.edu.cn/szdw/jstd/fsyxhyxtyjs/index.htm
北京理工大学,信息与电子学院,http://sie.bit.edu.cn/szdw/jstd/dgdzjxsyzx/index.htm
东华大学,信息科学与技术学院,http://web.dhu.edu.cn/cist/2969/list.htm
上海大学,通信与信息工程学院,http://scie.shu.edu.cn/Default.aspx?tabid=10118
上海大学,通信与信息工程学院,http://scie.shu.edu.cn/Default.aspx?tabid=10196
中南大学,信息科学与工程学院,http://202.197.61.251/sisehr/search.jsp
山东大学,信息科学与工程学院,http://www.ise.sdu.edu.cn/portal/tpl/home/szlljzg
山东大学,信息科学与工程学院,http://www.ise.sdu.edu.cn/portal/tpl/home/szll?id=2
山东大学,信息科学与工程学院,http://www.ise.sdu.edu.cn/portal/tpl/home/szll?id=3
山东大学,信息科学与工程学院,http://www.ise.sdu.edu.cn/portal/tpl/home/szll?id=4
山东大学,信息科学与工程学院,http://www.ise.sdu.edu.cn/portal/tpl/home/szll?id=5
中国石油大学(华东),信息与控制工程学院,http://auto.upc.edu.cn/3878/list.htm
中国石油大学(华东),信息与控制工程学院,http://auto.upc.edu.cn/_t139/3901/list.htm
中国石油大学(华东),信息与控制工程学院,http://auto.upc.edu.cn/3881/list.htm
中国石油大学(华东),信息与控制工程学院,http://auto.upc.edu.cn/3882/list.htm
中国石油大学(华东),信息与控制工程学院,http://auto.upc.edu.cn/3883/list.htm
中国石油大学(华东),信息与控制工程学院,http://auto.upc.edu.cn/3885/list.htm
中国民航大学,电子信息与自动化学院,http://www.cauc.edu.cn/ddxy/196.html
中国民航大学,电子信息与自动化学院,http://www.cauc.edu.cn/ddxy/164.html
中国民航大学,电子信息与自动化学院,http://www.cauc.edu.cn/ddxy/166.html
中国民航大学,电子信息与自动化学院,http://www.cauc.edu.cn/ddxy/165.html
中国民航大学,电子信息与自动化学院,http://www.cauc.edu.cn/ddxy/167.html
中国民航大学,电子信息与自动化学院,http://www.cauc.edu.cn/ddxy/243.html
汕头大学,工学院,https://eng.stu.edu.cn/ChannelExtend_JSML.aspx?Channel_ID=54
汕头大学,工学院,https://eng.stu.edu.cn/ChannelExtend_JSML.aspx?Channel_ID=52
汕头大学,工学院,https://eng.stu.edu.cn/ChannelExtend_JSML.aspx?Channel_ID=53
汕头大学,工学院,https://eng.stu.edu.cn/ChannelExtend_JSML.aspx?Channel_ID=55
同济大学,电子与信息工程学院,http://see.tongji.edu.cn/1498/list.htm
同济大学,电子与信息工程学院,http://see.tongji.edu.cn/1498/list2.htm
同济大学,电子与信息工程学院,http://see.tongji.edu.cn/1499/list.htm
同济大学,电子与信息工程学院,http://see.tongji.edu.cn/1500/list.htm
同济大学,电子与信息工程学院,http://see.tongji.edu.cn/1500/list2.htm
同济大学,电子与信息工程学院,http://see.tongji.edu.cn/1501/list.htm
同济大学,电子与信息工程学院,http://see.tongji.edu.cn/1501/list2.htm
同济大学,电子与信息工程学院,http://see.tongji.edu.cn/1501/list3.htm
同济大学,电子与信息工程学院,http://see.tongji.edu.cn/1501/list4.htm
同济大学,电子与信息工程学院,http://see.tongji.edu.cn/1502/list.htm
北京科技大学,计算机与通信工程学院,http://scce.ustb.edu.cn/article.action?categoryId=29&boardaId=110
内蒙古工业大学,信息工程学院,http://ies.imut.edu.cn/szdw/jsmc.htm
南阳理工学院,电子与电气工程学院,http://dzxy.nyist.edu.cn/info/10071/87209.htm
南阳理工学院,电子与电气工程学院,http://dzxy.nyist.edu.cn/info/10071/87083.htm
南阳理工学院,电子与电气工程学院,http://dzxy.nyist.edu.cn/info/10071/87082.htm
南阳理工学院,电子与电气工程学院,http://dzxy.nyist.edu.cn/info/10071/87051.htm
南阳理工学院,电子与电气工程学院,http://dzxy.nyist.edu.cn/info/10071/87050.htm
南阳理工学院,电子与电气工程学院,http://dzxy.nyist.edu.cn/info/10071/87047.htm
南阳理工学院,电子与电气工程学院,http://dzxy.nyist.edu.cn/info/10071/87041.htm
宿州学院,信息工程学院,http://www.ahszu.edu.cn/jkx/ShowArticle.asp?ArticleID=17771
南昌师范学院,电子信息工程学院,http://wdxy.yznu.cn/jstd/list.htm
南昌师范学院,电子信息工程学院,http://wdxy.yznu.cn/bsfc/list.htm
南昌师范学院,电子信息工程学院,http://wdxy.yznu.cn/bsfc/list2.htm
南昌师范学院,电子信息工程学院,http://wdxy.yznu.cn/762/list.htm
南昌师范学院,电子信息工程学院,http://wdxy.yznu.cn/762/list2.htm
南昌师范学院,电子信息工程学院,http://wdxy.yznu.cn/763/list.htm
南昌师范学院,电子信息工程学院,http://wdxy.yznu.cn/765/list.htm
山东师范大学,信息科学与工程学院,http://www.ischool.sdnu.edu.cn/szll.htm
浙江师范大学,数理与信息工程学院,http://mpi.zjnu.edu.cn/2018/0112/c10081a231314/page.htm
浙江师范大学,数理与信息工程学院,http://mpi.zjnu.edu.cn/2018/0112/c10082a231327/page.htm
浙江师范大学,数理与信息工程学院,http://mpi.zjnu.edu.cn/2018/0112/c10082a231334/page.htm
浙江师范大学,数理与信息工程学院,http://mpi.zjnu.edu.cn/2018/0112/c10082a231336/page.htm
南通大学,电子信息学院,http://dzxx.ntu.edu.cn/dzxxxy/szdw/szdw.html
赣南师范大学 ,物理与电子信息学院,http://wdxy.gnnu.cn/47/34/c312a18228/page.htm
沈阳工业大学,信息科学与工程学院,http://yjsglxt.sut.edu.cn/education/ViewTutor.aspx
青岛科技大学,自动化与电子工程学院,http://zdh.qust.edu.cn/dsfc.htm
青岛科技大学,自动化与电子工程学院,http://zdh.qust.edu.cn/dsfc/2.htm
青岛科技大学,自动化与电子工程学院,http://zdh.qust.edu.cn/dsfc/1.htm
青岛科技大学,自动化与电子工程学院,http://zdh.qust.edu.cn/dsfc/ssds.htm
青岛科技大学,自动化与电子工程学院,http://zdh.qust.edu.cn/dsfc/ssds/2.htm
青岛科技大学,自动化与电子工程学院,http://zdh.qust.edu.cn/dsfc/ssds/1.htm
安阳师范学院 ,计算机与信息工程学院,http://jkx.aynu.edu.cn/szdwlist.jsp?urltype=tree.TreeTempUrl&wbtreeid=1034
安阳师范学院 ,计算机与信息工程学院,http://jkx.aynu.edu.cn/szdwlist.jsp?a69665t=3&a69665p=2&a69665c=15&urltype=tree.TreeTempUrl&wbtreeid=1034
安阳师范学院 ,计算机与信息工程学院,http://jkx.aynu.edu.cn/szdwlist.jsp?a69665t=3&a69665p=3&a69665c=15&urltype=tree.TreeTempUrl&wbtreeid=1034
长春工业大学,电气与电子工程学院,http://www.dqxy.ccut.edu.cn/663/list.htm
长春工业大学,电气与电子工程学院,http://www.dqxy.ccut.edu.cn/663/list2.htm
长春工业大学,电气与电子工程学院,http://www.dqxy.ccut.edu.cn/kzkxygc/list.htm
长春工业大学,电气与电子工程学院,http://www.dqxy.ccut.edu.cn/kzkxygc/list2.htm
长春工业大学,电气与电子工程学院,http://www.dqxy.ccut.edu.cn/664/list.htm
长春工业大学,电气与电子工程学院,http://www.dqxy.ccut.edu.cn/665/list.htm
西安工业大学,电子信息工程学院,http://dxxy.xatu.cn/szdw_tupian.jsp?urltype=tree.TreeTempUrl&wbtreeid=13369
西安工业大学,电子信息工程学院,http://dxxy.xatu.cn/szdw_tupian.jsp?urltype=tree.TreeTempUrl&wbtreeid=13370
重庆三峡学院,电子与信息工程学院,http://www.sanxiau.edu.cn/dxy/list.jsp?urltype=tree.TreeTempUrl&wbtreeid=1049
重庆三峡学院,电子与信息工程学院,http://www.sanxiau.edu.cn/dxy/list.jsp?a132544t=3&a132544p=2&a132544c=16&urltype=tree.TreeTempUrl&wbtreeid=1049
重庆三峡学院,电子与信息工程学院,http://www.sanxiau.edu.cn/dxy/list.jsp?a132544t=3&a132544p=3&a132544c=16&urltype=tree.TreeTempUrl&wbtreeid=1049
重庆三峡学院,电子与信息工程学院,http://www.sanxiau.edu.cn/dxy/info/1048/1626.htm
重庆三峡学院,电子与信息工程学院,http://www.sanxiau.edu.cn/dxy/list.jsp?urltype=tree.TreeTempUrl&wbtreeid=1047
重庆三峡学院,电子与信息工程学院,http://www.sanxiau.edu.cn/dxy/info/1046/1694.htm
西安科技大学,通信与信息工程学院,http://txxy.xust.edu.cn/yjsjy/dsjj1.htm
西安科技大学,通信与信息工程学院,http://txxy.xust.edu.cn/yjsjy/dsjj1/3.htm
西安科技大学,通信与信息工程学院,http://txxy.xust.edu.cn/yjsjy/dsjj1/2.htm
西安科技大学,通信与信息工程学院,http://txxy.xust.edu.cn/yjsjy/dsjj1/1.htm
延安大学,物理与电子信息学院,http://wdxy.yau.edu.cn/szdw.htm
重庆理工大学,电气与电子工程学院,http://dz.cqut.edu.cn/sdfc.jsp?urltype=tree.TreeTempUrl&wbtreeid=1087
重庆理工大学,电气与电子工程学院,http://dz.cqut.edu.cn/info/1013/1057.htm
重庆理工大学,电气与电子工程学院,http://dz.cqut.edu.cn/info/1013/1063.htm
重庆理工大学,电气与电子工程学院,http://dz.cqut.edu.cn/info/1013/1056.htm
重庆理工大学,电气与电子工程学院,http://dz.cqut.edu.cn/info/1013/6143.htm
重庆理工大学,电气与电子工程学院,http://dz.cqut.edu.cn/info/1013/6144.htm
重庆理工大学,电气与电子工程学院,http://dz.cqut.edu.cn/info/1013/1062.htm
重庆理工大学,电气与电子工程学院,http://dz.cqut.edu.cn/info/1013/1061.htm
重庆理工大学,电气与电子工程学院,http://dz.cqut.edu.cn/info/1013/6145.htm
闽江学院,物理学与电子信息工程系,http://www.mju.edu.cn/html/dzx/xkjs/szdw/2017/02/22/ee6c8019-ae46-9224-e040-0a0a430a66cb.html
闽江学院,物理学与电子信息工程系,http://www.mju.edu.cn/html/dzx/xkjs/szdw/2017/02/21/ee6c8019-ae44-9224-e040-0a0a430a66cb.html
闽江学院,物理学与电子信息工程系,http://www.mju.edu.cn/html/dzx/xkjs/szdw/2017/02/21/ee6c8019-ae47-9224-e040-0a0a430a66cb.html
闽江学院,物理学与电子信息工程系,http://www.mju.edu.cn/html/dzx/xkjs/szdw/2013/10/30/ee6c8019-ae45-9224-e040-0a0a430a66cb.html
闽江学院,物理学与电子信息工程系,http://www.mju.edu.cn/html/dzx/xkjs/szdw/2017/02/21/c564f414-071a-42e1-b986-98cb0cff7327.html
华南农业大学,电子工程学院,http://dzxy.scau.edu.cn/a/shiziduiwu/
华南农业大学,电子工程学院,http://dzxy.scau.edu.cn/a/shiziduiwu/list_59_2.html
华南农业大学,电子工程学院,http://dzxy.scau.edu.cn/a/shiziduiwu/xueshuxingshuoshidaoshi/
华南农业大学,电子工程学院,http://dzxy.scau.edu.cn/a/shiziduiwu/yanjiushengdaoshijieshao/
华南农业大学,电子工程学院,http://dzxy.scau.edu.cn/a/shiziduiwu/zhuanyejiaoshi/
哈尔滨理工大学,电气与电子工程学院,http://www1.hrbust.edu.cn/xueyuan/ele/10ele/aboutA.asp?ClassID=493
哈尔滨理工大学,电气与电子工程学院,http://www1.hrbust.edu.cn/xueyuan/ele/10ele/aboutA.asp?ClassID=494
安阳工学院,电子信息与电气工程学院,http://dqxy.ayit.edu.cn/jgsz/szdw.htm
北华航天工业学院,电子与控制学院,http://eed.nciae.edu.cn/szdw/szjs.htm
北华航天工业学院,电子与控制学院,http://eed.nciae.edu.cn/szdw/szjs/1.htm
贵阳学院,电子与通信工程学院,http://dx.gyu.cn/info/1007/2719.htm
华东理工大学,信息科学与工程学院,http://cise.ecust.edu.cn/7764/list.htm
华东理工大学,信息科学与工程学院,http://cise.ecust.edu.cn/7765/list.htm
华东理工大学,信息科学与工程学院,http://cise.ecust.edu.cn/2011/0615/c7766a55144/page.htm
华东理工大学,信息科学与工程学院,http://cise.ecust.eu.cn/2011/0615/c7766a55145/page.htmd
华东理工大学,信息科学与工程学院,http://cise.ecust.edu.cn/2011/0615/c7766a55146/page.htm
华东理工大学,信息科学与工程学院,http://cise.ecust.edu.cn/2011/0615/c7766a55147/page.htm
华东理工大学,信息科学与工程学院,http://cise.ecust.edu.cn/2011/0615/c7766a55148/page.htm
华东理工大学,信息科学与工程学院,http://cise.ecust.edu.cn/2011/0615/c7766a55149/page.htm
中国地质大学,信息科学与工程学院,http://jidian.cug.edu.cn/szdw.htm
中国地质大学,信息科学与工程学院,http://jidian.cug.edu.cn/szdw/dzxxgc/1.htm
中国地质大学,信息科学与工程学院,http://jidian.cug.edu.cn/szdw/jxgc.htm
中国地质大学,信息科学与工程学院,http://jidian.cug.edu.cn/szdw/jxgc/1.htm
中国地质大学,信息科学与工程学院,http://jidian.cug.edu.cn/szdw/txgc.htm
中国地质大学,信息科学与工程学院,http://jidian.cug.edu.cn/szdw/txgc/1.htm
福州大学,物理与信息工程学院,http://wx.fzu.edu.cn/f/zhTeacherList?rank=2&pid=7e25fefdeb464bc99b74be2ed9930028&cid=c25a9d87896441c3aad4b88a66153944
首都师范大学,信息工程学院,http://www.ie.cnu.edu.cn/szdw/zrjs/index.htm
华中师范大学,信息管理学院,http://imd.ccnu.edu.cn/szdw/dzgl.htm
华中师范大学,信息管理学院,http://imd.ccnu.edu.cn/szdw/dzgl/1.htm
华中师范大学,信息管理学院,http://imd.ccnu.edu.cn/szdw/zrjs.htm
华中师范大学,信息管理学院,http://imd.ccnu.edu.cn/szdw/jzjs.htm
华中师范大学,信息管理学院,http://imd.ccnu.edu.cn/szdw/syjf.htm
华中师范大学,信息管理学院,http://imd.ccnu.edu.cn/szdw/txzg.htm
中国矿业大学,信息与控制工程学院,http://siee.cumt.edu.cn/189/list.htm
中国矿业大学,信息与控制工程学院,http://siee.cumt.edu.cn/243/list.htm
西南大学,电子信息工程学院,http://ceie.swu.edu.cn/viscms/ceieidex/jiaoshoujieshao5422/
西南大学,电子信息工程学院,http://ceie.swu.edu.cn/viscms/ceieidex/fujiaoshoujieshao9499/
长春理工大学,电子信息工程学院,http://dx.cust.edu.cn/Article.asp?PageClass=10503
长春理工大学,电子信息工程学院,http://dx.cust.edu.cn/Article.asp?PageClass=10504
长春理工大学,电子信息工程学院,http://dx.cust.edu.cn/Article.asp?PageClass=10506
吉林工程技术师范学院,信息工程学院,http://xxxy.jltiet.edu.cn/info/1042/1330.htm
吉林工程技术师范学院,信息工程学院,http://xxxy.jltiet.edu.cn/info/1042/1035.htm
吉林工程技术师范学院,信息工程学院,http://xxxy.jltiet.edu.cn/info/1042/1038.htm
吉林工程技术师范学院,信息工程学院,http://xxxy.jltiet.edu.cn/info/1042/1037.htm
吉林工程技术师范学院,信息工程学院,http://xxxy.jltiet.edu.cn/info/1042/1034.htm
吉林工程技术师范学院,信息工程学院,http://xxxy.jltiet.edu.cn/info/1042/1041.htm
吉林工程技术师范学院,信息工程学院,http://xxxy.jltiet.edu.cn/info/1042/1036.htm
吉林工程技术师范学院,信息工程学院,http://xxxy.jltiet.edu.cn/info/1042/1040.htm
吉林工程技术师范学院,信息工程学院,http://xxxy.jltiet.edu.cn/info/1042/1039.htm
信息工程学院,信息工程学院,http://xxgcxy.cjlu.edu.cn/index.php/Index/content?id=369
信息工程学院,信息工程学院,http://xxgcxy.cjlu.edu.cn/index.php/Index/content?id=370
黑龙江大学,电子工程学院,http://www.hlju.edu.cn/jsdw.htm
黑龙江大学,电子工程学院,http://www.hlju.edu.cn/jsdw/jcrc.htm
黑龙江大学,电子工程学院,http://www.hlju.edu.cn/jsdw/jxms.htm
黑龙江大学,电子工程学院,http://www.hlju.edu.cn/jsdw/xkdtr_.htm
湖北汽车工业学院,电气与信息工程学院,http://dxxy.huat.edu.cn/ejym_jslb.aspx?gndm=010202
黄冈师范学院,电子信息学院,http://221.233.162.243:8086/index.php?r=default/page/index&id=100107
湖北理工学院,电气与电子信息工程学院,http://dq.hbpu.edu.cn/class-14-43.aspx
湖北理工学院,电气与电子信息工程学院,http://dq.hbpu.edu.cn/class-14-43(2).aspx
淮海工学院,电子工程学院,http://dzgcxy.hhit.edu.cn/xygk/bmcy.htm
广东技术师范学院,电子与信息学院,http://dxxy.gpnu.edu.cn/szdw/zrjs.htm
邯郸学院,信息工程学院,http://xxgc.hdc.edu.cn/szdw/index.jhtml
合肥师范学院,电子信息工程学院,http://dxxy.hfnu.edu.cn/info/1134/5030.htm
河南工业大学,信息科学与工程学院,http://computer.haut.edu.cn/szdw.htm
长沙理工大学,电气与信息工程学院,http://www.csust.edu.cn/dq/szdw/dzxxgcx.htm
长沙理工大学,电气与信息工程学院,http://www.csust.edu.cn/dq/szdw/dlgcx.htm
长沙理工大学,电气与信息工程学院,http://www.csust.edu.cn/dq/szdw/zdhx.htm
长沙理工大学,电气与信息工程学院,http://www.csust.edu.cn/dq/szdw/syzx.htm
湖南科技学院,电子与信息工程学院,http://info.huse.cn/jsj_list.asp?bcls=2&sclas=40
邵阳学院,信息工程学院,http://www1.hnsyu.net/xinxi/bxgk_1492/szdu/jsfc/
山西大学,电子信息工程系,http://dzxx.sxu.edu.cn/jxgz/szdw/90139.htm
山西大学,电子信息工程系,http://dzxx.sxu.edu.cn/jxgz/szdw/90349.htm
山西大学,电子信息工程系,http://dzxx.sxu.edu.cn/jxgz/szdw/90747.htm
山西大学,电子信息工程系,http://dzxx.sxu.edu.cn/jxgz/szdw/90777.htm
北京化工大学,机电工程学院,http://www.mech.buct.edu.cn/rcyj/jsml/dlgcjgcrwlfx/index.htm
北京化工大学,机电工程学院,http://www.mech.buct.edu.cn/rcyj/jsml/jxgcxwd/index.htm
北京化工大学,机电工程学院,http://www.mech.buct.edu.cn/rcyj/jsml/aqkxygcxwd/index.htm
北京化工大学,机电工程学院,http://www.mech.buct.edu.cn/rcyj/jsml/gclxxwd/index.htm
北京化工大学,机电工程学院,http://www.mech.buct.edu.cn/rcyj/jsml/jxsjxwd/index.htm
北京化工大学,机电工程学院,http://www.mech.buct.edu.cn/rcyj/jsml/yzzyxwd/index.htm
厦门大学,电子工程系,http://eed.xmu.edu.cn/d4/6f/c13610a250991/page.htm
仲恺农业工程学院,信息科学与技术学院,http://xky.zhku.edu.cn/szdw/wpjs.htm
仲恺农业工程学院,信息科学与技术学院,http://xky.zhku.edu.cn/szdw/zgzc.htm
仲恺农业工程学院,信息科学与技术学院,http://xky.zhku.edu.cn/szdw/fgzc.htm
广州大学,数学与信息科学学院,http://maths.gzhu.edu.cn/szdw/msfc.htm
广州大学,数学与信息科学学院,http://maths.gzhu.edu.cn/summary.jsp?urltype=tree.TreeTempUrl&wbtreeid=1019
广州大学,数学与信息科学学院,http://maths.gzhu.edu.cn/summary.jsp?a62047t=2&a62047p=2&a62047c=4&urltype=tree.TreeTempUrl&wbtreeid=1019
广州大学,数学与信息科学学院,http://maths.gzhu.edu.cn/summary.jsp?urltype=tree.TreeTempUrl&wbtreeid=1020
广州大学,数学与信息科学学院,http://maths.gzhu.edu.cn/summary.jsp?a62047t=3&a62047p=2&a62047c=4&urltype=tree.TreeTempUrl&wbtreeid=1020
广州大学,数学与信息科学学院,http://maths.gzhu.edu.cn/summary.jsp?urltype=tree.TreeTempUrl&wbtreeid=1021
广州大学,数学与信息科学学院,http://maths.gzhu.edu.cn/summary.jsp?a62047t=3&a62047p=2&a62047c=4&urltype=tree.TreeTempUrl&wbtreeid=1021
广州大学,数学与信息科学学院,http://maths.gzhu.edu.cn/summary.jsp?a62047t=3&a62047p=3&a62047c=4&urltype=tree.TreeTempUrl&wbtreeid=1021
广州大学,数学与信息科学学院,http://maths.gzhu.edu.cn/summary.jsp?urltype=tree.TreeTempUrl&wbtreeid=1023
广州大学,数学与信息科学学院,http://maths.gzhu.edu.cn/summary.jsp?urltype=tree.TreeTempUrl&wbtreeid=1022
广州大学,数学与信息科学学院,http://maths.gzhu.edu.cn/summary.jsp?a62047t=2&a62047p=2&a62047c=4&urltype=tree.TreeTempUrl&wbtreeid=1022
广东石油化工学院,计算机与电子信息学院,http://web2.gdupt.edu.cn/scei/xinxi/index.php?url=static/szdw
台州学院,数学与信息工程学院,http://www.sxx.tzc.edu.cn/news/show?cabh=1&newid=2225
浙江工商大学,信息与电子工程学院,http://iee.zjgsu.edu.cn/Teacherlist.asp?nid=54
浙江工商大学,信息与电子工程学院,http://iee.zjgsu.edu.cn/Teacherlist.asp?nid=54
浙江工商大学,信息与电子工程学院,http://iee.zjgsu.edu.cn/TeacherList.asp?nid=55
浙江工商大学,信息与电子工程学院,http://iee.zjgsu.edu.cn/TeacherList.asp?nid=55
浙江工商大学,信息与电子工程学院,http://iee.zjgsu.edu.cn/TeacherList.asp?nid=56
浙江工商大学,信息与电子工程学院,http://iee.zjgsu.edu.cn/TeacherList.asp?nid=57
浙江工商大学,信息与电子工程学院,http://iee.zjgsu.edu.cn/TeacherList.asp?nid=58
河池学院,计算机与信息工程学院,http://222.218.130.34/jixinxi/index.php?m=content&c=index&a=show&catid=16&id=1758
北京理工大学,机械与车辆学院,http://me.bit.edu.cn/szdw/jlgcx/tzjlyjs/index.htm
北京理工大学,机械与车辆学院,http://me.bit.edu.cn/szdw/jlgcx/qjyjs/index.htm
北京理工大学,机械与车辆学院,http://me.bit.edu.cn/szdw/jlgcx/zdyzskzyjs/index.htm
北京理工大学,机械与车辆学院,http://me.bit.edu.cn/szdw/jlgcx/ddjlgcjzzx/index.htm
北京理工大学,机械与车辆学院,http://me.bit.edu.cn/szdw/rnydlgcx/fdjyjs/index.htm
北京理工大学,机械与车辆学院,http://me.bit.edu.cn/szdw/rnydlgcx/dlxtgcyjs/index.htm
北京理工大学,机械与车辆学院,http://me.bit.edu.cn/szdw/rnydlgcx/ltjxgcyjs/index.htm
北京理工大学,机械与车辆学院,http://me.bit.edu.cn/szdw/rnydlgcx/yljxyzyjzyjs/index.htm
北京理工大学,机械与车辆学院,http://me.bit.edu.cn/szdw/rnydlgcx/rngcyjs/index.htm
北京理工大学,机械与车辆学院,http://me.bit.edu.cn/szdw/zzgcx/xjjgyjs/index.htm
北京理工大学,机械与车辆学院,http://me.bit.edu.cn/szdw/zzgcx/wxxzzyjs/index.htm
北京理工大学,机械与车辆学院,http://me.bit.edu.cn/szdw/zzgcx/szhzzyjs/index.htm
北京理工大学,机械与车辆学院,http://me.bit.edu.cn/szdw/zzgcx/gygcyjs/index.htm
北京理工大学,机械与车辆学院,http://me.bit.edu.cn/szdw/zzgcx/jgwnzzyjs/index.htm
北京理工大学,机械与车辆学院,http://me.bit.edu.cn/szdw/zzgcx/jcykzyjs/index.htm
北京理工大学,机械与车辆学院,http://me.bit.edu.cn/szdw/zzgcx/jdxtyzbyjs/index.htm
北京理工大学,机械与车辆学院,http://me.bit.edu.cn/szdw/jdkxjcb/ztjys/index.htm
北京理工大学,机械与车辆学院,http://me.bit.edu.cn/szdw/jdkxjcb/jxsjjys/index.htm
北京理工大学,机械与车辆学院,http://me.bit.edu.cn/szdw/gcxlzx/index.htm
北京航空航天大学,机械工程及自动化学院,http://www.me.buaa.edu.cn/szll/qtjg/index.htm
中国农业大学,工学院,http://coe.cau.edu.cn/col/col28301/index.html
中国农业大学,工学院,http://coe.cau.edu.cn/col/col28302/index.html
中国农业大学,工学院,http://coe.cau.edu.cn/col/col28303/index.html
中国农业大学,工学院,http://coe.cau.edu.cn/col/col28304/index.html
中国农业大学,工学院,http://coe.cau.edu.cn/col/col28305/index.html
北京科技大学,机械工程学院,http://me.ustb.edu.cn/shiziduiwu/xingmingjiansuo/
北京建筑大学,机电与车辆工程学院,http://jdxy.bucea.edu.cn/szdw/js/index.htm
北京建筑大学,机电与车辆工程学院,http://jdxy.bucea.edu.cn/szdw/fjs/index.htm
北京建筑大学,机电与车辆工程学院,http://jdxy.bucea.edu.cn/szdw/jsy/index.htm
北京信息科技大学,机电工程学院,http://jdgcxy.bistu.edu.cn/szdw/yjsds/
北京信息科技大学,机电工程学院,http://jdgcxy.bistu.edu.cn/szdw/js/
清华大学,机械工程学院,http://www.me.tsinghua.edu.cn/publish/jxx/6138/index.html
清华大学,机械工程学院,http://faculty.dpi.tsinghua.edu.cn/index.html
清华大学,机械工程学院,http://www.te.tsinghua.edu.cn/publish/te/2254/index.html
清华大学,机械工程学院,http://www.dae.tsinghua.edu.cn/publish/dae/8592/index.html
清华大学,机械工程学院,http://www.ie.tsinghua.edu.cn/List/index/cid/29.html
北京林业大学,工学院,http://gxy.bjfu.edu.cn/szdw/jiaoshou/index.html
北京林业大学,工学院,http://gxy.bjfu.edu.cn/szdw/fjs/index.html
北京林业大学,工学院,http://gxy.bjfu.edu.cn/szdw/jiangshi/index.html
北京交通大学,机械与电子控制工程学院,http://p.bjtu.edu.cn/szdw/jstd/jslb.htm?mz=
北京交通大学,机械与电子控制工程学院,http://p.bjtu.edu.cn/szdw/jstd/jslb.htm?mz=&page=2
北京交通大学,机械与电子控制工程学院,http://p.bjtu.edu.cn/szdw/jstd/jslb.htm?mz=&page=3
北京交通大学,机械与电子控制工程学院,http://p.bjtu.edu.cn/szdw/jstd/jslb.htm?mz=&page=4
北京交通大学,机械与电子控制工程学院,http://p.bjtu.edu.cn/szdw/jstd/jslb.htm?mz=&page=5
北京交通大学,机械与电子控制工程学院,http://p.bjtu.edu.cn/szdw/jstd/jslb.htm?mz=&page=6
北京交通大学,机械与电子控制工程学院,http://p.bjtu.edu.cn/szdw/jstd/jslb.htm?mz=&page=7
北京交通大学,机械与电子控制工程学院,http://p.bjtu.edu.cn/szdw/jstd/jslb.htm?mz=&page=8
北京交通大学,机械与电子控制工程学院,http://p.bjtu.edu.cn/szdw/jstd/jslb.htm?mz=&page=9
北京交通大学,机械与电子控制工程学院,http://p.bjtu.edu.cn/szdw/jstd/jslb.htm?mz=&page=10
北京交通大学,机械与电子控制工程学院,http://p.bjtu.edu.cn/szdw/jstd/jslb.htm?mz=&page=11
北京交通大学,机械与电子控制工程学院,http://p.bjtu.edu.cn/szdw/jstd/jslb.htm?mz=&page=12
北京交通大学,机械与电子控制工程学院,http://p.bjtu.edu.cn/szdw/jstd/jslb.htm?mz=&page=13
北京交通大学,机械与电子控制工程学院,http://p.bjtu.edu.cn/szdw/jstd/jslb.htm?mz=&page=14
同济大学,汽车学院,http://auto.tongji.edu.cn/index.php?classid=10590
上海师范大学,信息与机电工程学院,http://xxjd.shnu.edu.cn/806/list.htm
上海师范大学,信息与机电工程学院,http://xxjd.shnu.edu.cn/804/list.htm
上海师范大学,信息与机电工程学院,http://xxjd.shnu.edu.cn/805/list.htm
上海师范大学,信息与机电工程学院,http://xxjd.shnu.edu.cn/txgcx/list.htm
上海工程技术大学,汽车工程学院,http://cae.sues.edu.cn/10922/list.htm
湖南大学,机械与运载工程学院,http://mve.hnu.edu.cn/index.php?option=com_content&view=article&id=166:2014-01-12-11-41-47&catid=79&Itemid=474
中南大学,机电学院,http://cmee.csu.edu.cn/Content.aspx?moduleid=3cc1215f-06ba-49ad-a9c8-e1a1d5e75022
湘潭大学,机械工程学院,http://jxgc.xtu.edu.cn/e/action/ListInfo/?classid=3
湘潭大学,机械工程学院,http://jxgc.xtu.edu.cn/e/action/ListInfo/index.php?page=1&classid=3&totalnum=113
湘潭大学,机械工程学院,http://jxgc.xtu.edu.cn/e/action/ListInfo/index.php?page=2&classid=3&totalnum=113
湘潭大学,机械工程学院,http://jxgc.xtu.edu.cn/e/action/ListInfo/index.php?page=3&classid=3&totalnum=113
湘潭大学,机械工程学院,http://jxgc.xtu.edu.cn/e/action/ListInfo/index.php?page=4&classid=3&totalnum=113
长沙理工大学,汽车与机械工程学院,http://www.csust.edu.cn/qjxy/szdw/qcgcx.htm
长沙理工大学,汽车与机械工程学院,http://www.csust.edu.cn/qjxy/szdw/qcgcx/2.htm
长沙理工大学,汽车与机械工程学院,http://www.csust.edu.cn/qjxy/szdw/qcgcx/1.htm
长沙理工大学,汽车与机械工程学院,http://www.csust.edu.cn/qjxy/szdw/jxsjx.htm
长沙理工大学,汽车与机械工程学院,http://www.csust.edu.cn/qjxy/szdw/jxsjx/1.htm
长沙理工大学,汽车与机械工程学院,http://www.csust.edu.cn/qjxy/szdw/jdgcx.htm
长沙理工大学,汽车与机械工程学院,http://www.csust.edu.cn/qjxy/szdw/jdgcx/1.htm
长沙理工大学,汽车与机械工程学院,http://www.csust.edu.cn/qjxy/szdw/ckgcx.htm
长沙理工大学,汽车与机械工程学院,http://www.csust.edu.cn/qjxy/szdw/ckgcx/1.htm
长沙理工大学,汽车与机械工程学院,http://www.csust.edu.cn/qjxy/szdw/clgcx.htm
邵阳学院,机械与能源工程学院,http://www1.hnsyu.net/jixie/xygk/szdw/index.html
邵阳学院,机械与能源工程学院,http://www1.hnsyu.net/jixie/xygk/szdw/index_1.html
重庆大学,汽车工程学院,http://auto.cqu.edu.cn/szdw/zzjs.htm
重庆大学,机械工程学院,http://www.cme.cqu.edu.cn/szdw/jxjcx.htm
西南大学,工程技术学院,http://gcjsxy.swu.edu.cn/viscms/gcjsidex/shiziduiwu6385/
重庆交通大学,机电与车辆工程学院,http://smve.cqjtu.edu.cn/lby.jsp?urltype=tree.TreeTempUrl&wbtreeid=1691
重庆交通大学,机电与车辆工程学院,http://smve.cqjtu.edu.cn/lby.jsp?a8t=2&a8p=2&a8c=15&urltype=tree.TreeTempUrl&wbtreeid=1691
重庆理工大学,车辆工程学院,http://clgc.cqut.edu.cn/sjdhtplb.jsp?urltype=tree.TreeTempUrl&wbtreeid=1009
重庆理工大学,车辆工程学院,http://clgc.cqut.edu.cn/sjdhtplb.jsp?a43411t=7&a43411p=2&a43411c=10&urltype=tree.TreeTempUrl&wbtreeid=1009
重庆理工大学,车辆工程学院,http://clgc.cqut.edu.cn/sjdhtplb.jsp?a43411t=7&a43411p=3&a43411c=10&urltype=tree.TreeTempUrl&wbtreeid=1009
重庆理工大学,车辆工程学院,http://clgc.cqut.edu.cn/sjdhtplb.jsp?a43411t=7&a43411p=4&a43411c=10&urltype=tree.TreeTempUrl&wbtreeid=1009
重庆理工大学,车辆工程学院,http://clgc.cqut.edu.cn/sjdhtplb.jsp?a43411t=7&a43411p=5&a43411c=10&urltype=tree.TreeTempUrl&wbtreeid=1009
重庆理工大学,车辆工程学院,http://clgc.cqut.edu.cn/sjdhtplb.jsp?a43411t=7&a43411p=6&a43411c=10&urltype=tree.TreeTempUrl&wbtreeid=1009
重庆理工大学,车辆工程学院,http://clgc.cqut.edu.cn/sjdhtplb.jsp?a43411t=7&a43411p=7&a43411c=10&urltype=tree.TreeTempUrl&wbtreeid=1009
燕山大学,车辆与能源学院,http://vec.ysu.edu.cn/teachers_xibu.asp?xid=1
燕山大学,机械工程学院,http://mec.ysu.edu.cn/mdt/teachers_xibu.aspx?xid=2
燕山大学,机械工程学院,http://mec.ysu.edu.cn/mdt/teachers_xibu.aspx?xid=3
燕山大学,机械工程学院,http://mec.ysu.edu.cn/mdt/teachers_xibu.aspx?xid=4
燕山大学,机械工程学院,http://mec.ysu.edu.cn/mdt/teachers_xibu.aspx?xid=5
燕山大学,机械工程学院,http://mec.ysu.edu.cn/mdt/teachers_xibu.aspx?xid=6
燕山大学,机械工程学院,http://mec.ysu.edu.cn/mdt/teachers_xibu.aspx?xid=7
燕山大学,机械工程学院,http://mec.ysu.edu.cn/mdt/teachers_xibu.aspx?xid=8
河北工业大学,机械工程学院,http://mes.hebut.edu.cn/infor/?pageName=teachingList&columnID=19
河北农业大学,机电工程学院,http://jidian.hebau.edu.cn/jigou/jixie.html
河南科技大学,车辆与交通工程学院,http://cd.haust.edu.cn/szdw.htm
河南工业大学,机电工程学院,http://jdxy.haut.edu.cn/xygk1/szdw/qyjs.htm
河南工业大学,机电工程学院,http://jdxy.haut.edu.cn/xygk1/szdw/qyjs/5.htm
河南工业大学,机电工程学院,http://jdxy.haut.edu.cn/xygk1/szdw/qyjs/4.htm
河南工业大学,机电工程学院,http://jdxy.haut.edu.cn/xygk1/szdw/qyjs/3.htm
河南工业大学,机电工程学院,http://jdxy.haut.edu.cn/xygk1/szdw/qyjs/2.htm
河南工业大学,机电工程学院,http://jdxy.haut.edu.cn/xygk1/szdw/qyjs/1.htm
山东大学,机械工程学院,http://www.mech.sdu.edu.cn/szdw/jsdw.htm
山东大学,机械与电子工程学院,http://jdxy.sdau.edu.cn/2138/list.htm
山东大学,机械与电子工程学院,http://jdxy.sdau.edu.cn/2139/list.htm
山东大学,机械与电子工程学院,http://jdxy.sdau.edu.cn/2139/list2.htm
哈尔滨工业大学,机电工程学院,http://sme.hit.edu.cn/yjsds/list.htm
中国石油大学,机电工程学院,http://medwww.upc.edu.cn/697/list.htm
中国石油大学,机电工程学院,http://medwww.upc.edu.cn/698/list.htm
中国石油大学,机电工程学院,http://medwww.upc.edu.cn/699/list.htm
中国石油大学,机电工程学院,http://medwww.upc.edu.cn/700/list.htm
中国石油大学,机电工程学院,http://medwww.upc.edu.cn/702/list.htm
中国石油大学,机电工程学院,http://medwww.upc.edu.cn/703/list.htm
中国石油大学,机电工程学院,http://medwww.upc.edu.cn/705/list.htm
中国石油大学,机电工程学院,http://medwww.upc.edu.cn/706/list.htm
中国石油大学,机电工程学院,http://medwww.upc.edu.cn/707/list.htm
山东科技大学,交通学院,http://jt.sdust.edu.cn/index.php?m=Index&a=articlelist&cate_id=30
山东科技大学,交通学院,http://jt.sdust.edu.cn/index.php?m=Index&a=articlelist&cate_id=3&_URL_=&p=2
山东理工大学,交通与车辆工程,http://jtxy.sdut.edu.cn/1033/list.htm
山东建筑大学,机电工程学院,http://xwzx2016.sdjzu.edu.cn/jdxy/szdw/jxsjjys.htm
山东建筑大学,机电工程学院,http://xwzx2016.sdjzu.edu.cn/jdxy/szdw/jxzzjys.htm
山东建筑大学,机电工程学院,http://xwzx2016.sdjzu.edu.cn/jdxy/szdw/jxdzjys.htm
山东建筑大学,机电工程学院,http://xwzx2016.sdjzu.edu.cn/jdxy/szdw/jxjcjys.htm
山东建筑大学,机电工程学院,http://xwzx2016.sdjzu.edu.cn/jdxy/szdw/clgcjys.htm
山东建筑大学,机电工程学院,http://xwzx2016.sdjzu.edu.cn/jdxy/szdw/yljgjys.htm
山东交通学院,汽车工程学院,http://qcgc.sdjtu.edu.cn/channels/ch00555/
鲁东大学,交通学院,http://www.jt.ldu.edu.cn/szdw/jsml.htm
临沂大学,机械与车辆工程学院,http://jxxy.lyu.edu.cn/2890/list.htm
临沂大学,机械与车辆工程学院,http://jxxy.lyu.edu.cn/2891/list.htm
临沂大学,机械与车辆工程学院,http://jxxy.lyu.edu.cn/2892/list.htm
临沂大学,机械与车辆工程学院,http://jxxy.lyu.edu.cn/js/list.htm
临沂大学,机械与车辆工程学院,http://jxxy.lyu.edu.cn/js/list2.htm
临沂大学,机械与车辆工程学院,http://jxxy.lyu.edu.cn/js/list3.htm
潍坊学院,机电与车辆工程学院,http://jid.wfu.edu.cn/s/29/t/553/p/1/c/5832/list.htm
青岛理工大学,机械与汽车工程学院,http://jxxy.qut.edu.cn/xygk/szdw/jsml.htm
中北大学,机械工程学院,http://jxdl.nuc.edu.cn/pic_list3.jsp?urltype=tree.TreeTempUrl&wbtreeid=1471
中北大学,机械工程学院,http://jxdl.nuc.edu.cn/pic_list3.jsp?a192349t=2&a192349p=2&a192349c=15&urltype=tree.TreeTempUrl&wbtreeid=1471
中北大学,机械工程学院,http://jxdl.nuc.edu.cn/pic_list3.jsp?urltype=tree.TreeTempUrl&wbtreeid=1472
中北大学,机械工程学院,http://jxdl.nuc.edu.cn/pic_list3.jsp?a192349t=2&a192349p=2&a192349c=15&urltype=tree.TreeTempUrl&wbtreeid=1472
中北大学,机械工程学院,http://jxdl.nuc.edu.cn/pic_list3.jsp?urltype=tree.TreeTempUrl&wbtreeid=1473
太原理工大学,机械工程学院,http://mc.tyut.edu.cn/szdw/jzgml/js.htm
太原理工大学,机械工程学院,http://mc.tyut.edu.cn/szdw/jzgml/fjs.htm
太原理工大学,机械工程学院,http://mc.tyut.edu.cn/szdw/jzgml/js1.htm
合肥工业大学,机械工程学院,http://jxxy.hfut.edu.cn/index.php/cn/szdw/szdw-3
合肥工业大学,机械工程学院,http://jxxy.hfut.edu.cn/index.php/cn/szdw/szdw-4
合肥工业大学,机械工程学院,http://jxxy.hfut.edu.cn/index.php/cn/szdw/szdw-5
合肥工业大学,汽车与交通工程学院,http://jtxy.hfut.edu.cn/index/lists/002001/1/9/all
合肥工业大学,汽车与交通工程学院,http://jtxy.hfut.edu.cn/index/lists/002001/2/9/all
合肥工业大学,汽车与交通工程学院,http://jtxy.hfut.edu.cn/index/lists/002001/3/9/all
合肥工业大学,汽车与交通工程学院,http://jtxy.hfut.edu.cn/index/lists/002001/1/10/all
合肥工业大学,汽车与交通工程学院,http://jtxy.hfut.edu.cn/index/lists/002001/2/10/all
合肥工业大学,汽车与交通工程学院,http://jtxy.hfut.edu.cn/index/lists/002001/3/10/all
合肥工业大学,汽车与交通工程学院,http://jtxy.hfut.edu.cn/index/lists/002001/4/10/all
合肥工业大学,汽车与交通工程学院,http://jtxy.hfut.edu.cn/index/lists/002001/5/10/all
合肥工业大学,汽车与交通工程学院,http://jtxy.hfut.edu.cn/index/lists/002001/1/11/all
合肥工业大学,汽车与交通工程学院,http://jtxy.hfut.edu.cn/index/lists/002001/2/11/all
合肥工业大学,汽车与交通工程学院,http://jtxy.hfut.edu.cn/index/lists/002001/3/11/all
合肥工业大学,汽车与交通工程学院,http://jtxy.hfut.edu.cn/index/lists/002001/4/11/all
安徽理工大学,机械工程学院,http://jxx.aust.edu.cn/list.jsp?urltype=tree.TreeTempUrl&wbtreeid=1037
安徽理工大学,机械工程学院,http://jxx.aust.edu.cn/list.jsp?a8t=2&a8p=2&a8c=15&urltype=tree.TreeTempUrl&wbtreeid=1037
安徽理工大学,机械工程学院,http://jxx.aust.edu.cn/list.jsp?urltype=tree.TreeTempUrl&wbtreeid=1088
安徽理工大学,机械工程学院,http://jxx.aust.edu.cn/list.jsp?a8t=2&a8p=2&a8c=15&urltype=tree.TreeTempUrl&wbtreeid=1088
安徽工业大学,机械工程学院,http://jxgc.ahut.edu.cn/szll/sdml.htm
安徽工程大学,机械与汽车工程学院,http://www.ahpu.edu.cn/jxyqcgc/5146/list.htm
安徽农业大学,工学院,http://gxy.ahau.edu.cn/szdw/124673.htm
安徽农业大学,工学院,http://gxy.ahau.edu.cn/szdw/124671.htm
安徽农业大学,工学院,http://gxy.ahau.edu.cn/szdw/124674.htm
安徽农业大学,工学院,http://gxy.ahau.edu.cn/szdw/4416.htm
安徽农业大学,工学院,http://gxy.ahau.edu.cn/szdw/124670.htm
安徽农业大学,工学院,http://gxy.ahau.edu.cn/szdw/124672.htm
华东交通大学,机电与车辆工程学院,http://me.ecjtu.edu.cn/3022/list.htm
华东交通大学,机电与车辆工程学院,http://me.ecjtu.edu.cn/3023/list.htm
华东交通大学,机电与车辆工程学院,http://me.ecjtu.edu.cn/3024/list.htm
华东交通大学,机电与车辆工程学院,http://me.ecjtu.edu.cn/3025/list.htm
华东交通大学,机电与车辆工程学院,http://me.ecjtu.edu.cn/3026/list.htm
华东交通大学,机电与车辆工程学院,http://me.ecjtu.edu.cn/3027/list.htm
华东交通大学,机电与车辆工程学院,http://me.ecjtu.edu.cn/3027/list2.htm
南昌大学,机电工程学院,http://jdgcxy.ncu.edu.cn/szdw/jsml/36935.htm
南昌大学,机电工程学院,http://jdgcxy.ncu.edu.cn/szdw/jsml/36939.htm
南昌大学,机电工程学院,http://jdgcxy.ncu.edu.cn/szdw/jsml/36937.htm
南昌大学,机电工程学院,http://jdgcxy.ncu.edu.cn/szdw/jsml/36938.htm
南昌大学,机电工程学院,http://jdgcxy.ncu.edu.cn/szdw/jsmll/jxgcx/index.htm
南昌大学,机电工程学院,http://jdgcxy.ncu.edu.cn/szdw/jsmll/qjgcx/index.htm
南昌大学,机电工程学院,http://jdgcxy.ncu.edu.cn/szdw/jsmll/clcxjkzx/index.htm
南昌大学,机电工程学院,http://jdgcxy.ncu.edu.cn/szdw/jsmll/nyydlgcx/index.htm
江西农业大学,工学院,http://gongxue.jxau.edu.cn/szdw/list.htm
南京航空航天大学,机电学院,http://cmee.nuaa.edu.cn/news_more.asp?lm2=15&lmname=0&open=0&n=30&tj=0&hot=0
南京航空航天大学,机电学院,http://cmee.nuaa.edu.cn/news_more.asp?page=2&word=&lm=&lm2=15&lmname=0&open=0&n=30&hot=0&tj=0
南京航空航天大学,机电学院,http://cmee.nuaa.edu.cn/news_more.asp?page=3&word=&lm=&lm2=15&lmname=0&open=0&n=30&hot=0&tj=0
南京航空航天大学,机电学院,http://cmee.nuaa.edu.cn/news_more.asp?page=4&word=&lm=&lm2=15&lmname=0&open=0&n=30&hot=0&tj=0
南京航空航天大学,机电学院,http://cmee.nuaa.edu.cn/news_more.asp?lm2=16&lmname=0&open=0&n=30&tj=0&hot=0
南京航空航天大学,机电学院,http://cmee.nuaa.edu.cn/news_more.asp?page=2&word=&lm=&lm2=16&lmname=0&open=0&n=30&hot=0&tj=0
南京航空航天大学,机电学院,http://cmee.nuaa.edu.cn/news_more.asp?page=3&word=&lm=&lm2=16&lmname=0&open=0&n=30&hot=0&tj=0
南京航空航天大学,机电学院,http://cmee.nuaa.edu.cn/news_more.asp?lm2=71&lmname=0&open=0&n=30&tj=0&hot=0
南京航空航天大学,机电学院,http://cmee.nuaa.edu.cn/news_more.asp?page=2&word=&lm=&lm2=71&lmname=0&open=0&n=30&hot=0&tj=0
南京理工大学,机械工程学院,http://sme.njust.edu.cn/1627/list.htm
南京理工大学,机械工程学院,http://sme.njust.edu.cn/1627/list2.htm
南京理工大学,机械工程学院,http://sme.njust.edu.cn/1628/list.htm
南京理工大学,机械工程学院,http://sme.njust.edu.cn/1628/list2.htm
南京理工大学,机械工程学院,http://sme.njust.edu.cn/1628/list3.htm
南京理工大学,机械工程学院,http://sme.njust.edu.cn/1629/list.htm
南京理工大学,机械工程学院,http://sme.njust.edu.cn/1629/list2.htm
南京理工大学,机械工程学院,http://sme.njust.edu.cn/1630/list.htm
南京农业大学,工学院,http://www.pk.njau.edu.cn/szdw/jsml1.htm
扬州大学,机械工程学院,http://jxgcxy.yzu.edu.cn/col/col4718/index.html
南京工业大学,机械与动力工程学院,http://mech.njtech.edu.cn/szll.asp?ClassID=17
南京工业大学,机械与动力工程学院,http://mech.njtech.edu.cn/szll.asp?ClassID=18
江苏大学,汽车与交通工程学院,http://auto.ujs.edu.cn/szytd/bd.htm
江苏大学,汽车与交通工程学院,http://auto.ujs.edu.cn/szytd/sd.htm
江苏大学,汽车与交通工程学院,http://auto.ujs.edu.cn/szytd/zzyg.htm
淮阴工学院,机械与材料工程学院,http://jixie.hyit.edu.cn/show.aspx?id=7150&menuid=60
江苏科技大学,机械工程学院,http://jixie.just.edu.cn/4773/list.htm
江苏科技大学,机械工程学院,http://jixie.just.edu.cn/4774/list.htm
江苏科技大学,机械工程学院,http://jixie.just.edu.cn/4775/list.htm
浙江科技学院,机械与汽车工程学院,http://jdx.zust.edu.cn/index.php/indexcn/sz/cid/1
浙江大学,机械工程学院,http://me.zju.edu.cn/mecn/6336/list.htm
浙江大学,机械工程学院,http://me.zju.edu.cn/mecn/6337/list.htm
浙江大学,机械工程学院,http://me.zju.edu.cn/mecn/6338/list.htm
浙江工业大学,机械工程学院,http://www.jdxy.zjut.edu.cn/BigClass.jsp?bigclassid=115
武汉理工大学,汽车工程学院,http://auto.whut.edu.cn/Teachers.aspx
武汉科技大学,汽车与交通工程学院,http://202.114.242.231:8006/type/2390010504.html
江汉大学,机电与建筑工程学院,http://jjxy.jhun.edu.cn/1966/list.htm
湖北汽车工业学院,汽车工程师学院,http://iae.huat.edu.cn/szdw/msfc.htm
华南理工大学,机械与汽车工程学院,http://www2.scut.edu.cn/smae/8098/list.htm
华南理工大学,机械与汽车工程学院,http://www2.scut.edu.cn/smae/8098/list2.htm
华南理工大学,机械与汽车工程学院,http://www2.scut.edu.cn/smae/8098/list3.htm
华南理工大学,机械与汽车工程学院,http://www2.scut.edu.cn/smae/8098/list4.htm
华南理工大学,机械与汽车工程学院,http://www2.scut.edu.cn/smae/8098/list5.htm
华南理工大学,机械与汽车工程学院,http://www2.scut.edu.cn/smae/8098/list6.htm
华南理工大学,机械与汽车工程学院,http://www2.scut.edu.cn/smae/8098/list7.htm
华南理工大学,机械与汽车工程学院,http://www2.scut.edu.cn/smae/8099/list.htm
华南理工大学,机械与汽车工程学院,http://www2.scut.edu.cn/smae/8099/list2.htm
华南理工大学,机械与汽车工程学院,http://www2.scut.edu.cn/smae/8099/list3.htm
华南理工大学,机械与汽车工程学院,http://www2.scut.edu.cn/smae/8099/list4.htm
华南理工大学,机械与汽车工程学院,http://www2.scut.edu.cn/smae/8099/list5.htm
华南理工大学,机械与汽车工程学院,http://www2.scut.edu.cn/smae/8100/list.htm
华南理工大学,机械与汽车工程学院,http://www2.scut.edu.cn/smae/8100/list2.htm
华南理工大学,机械与汽车工程学院,http://www2.scut.edu.cn/smae/8100/list3.htm
华南理工大学,机械与汽车工程学院,http://www2.scut.edu.cn/smae/8100/list4.htm
华南理工大学,机械与汽车工程学院,http://www2.scut.edu.cn/smae/8101/list.htm
华南理工大学,机械与汽车工程学院,http://www2.scut.edu.cn/smae/8101/list2.htm
广东工业大学,机电工程学院,http://jdgcxy.gdut.edu.cn/news_detail.aspx?id=17
海南大学,机电工程学院,http://www.hainu.edu.cn/stm/jidian/shtml_liebiao.asp@bbsid=3218.shtml
昆明理工大学,机电工程学院,http://jdxy.kmust.edu.cn/html/szdw/jsml/1.html
西南交通大学,机械工程学院,http://sme.swjtu.edu.cn/xygk/szdw.htm
西南石油大学,机电工程学院,http://jdy.swpu.edu.cn/szdw/js_yjy.htm
西南石油大学,机电工程学院,http://jdy.swpu.edu.cn/szdw/sss.htm
西南石油大学,机电工程学院,http://jdy.swpu.edu.cn/szdw/zjzcjyixi.htm
西华大学,汽车与交通学院,http://qc.xhu.edu.cn/js/list.htm
西华大学,汽车与交通学院,http://qc.xhu.edu.cn/fjs/list.htm
成都大学,机械工程学院,http://gyzz.cdu.edu.cn/index.php?m=news&a=slist&cat_short_name=jixiegongchengxi
成都大学,机械工程学院,http://gyzz.cdu.edu.cn/index.php?m=news&a=slist&cat_short_name=cailiaogongchengxi
成都大学,机械工程学院,http://gyzz.cdu.edu.cn/index.php?m=news&a=slist&cat_short_name=cheliangyucekonggongchengxi
成都大学,机械工程学院,http://gyzz.cdu.edu.cn/index.php?m=news&a=slist&cat_short_name=shiyanshi
长安大学,汽车学院,http://www.qiche.chd.edu.cn/szdw/dwjg/jtysx.htm
长安大学,汽车学院,http://www.qiche.chd.edu.cn/szdw/dwjg/clgcx.htm
长安大学,汽车学院,http://www.qiche.chd.edu.cn/szdw/dwjg/jdydlgcx.htm
长安大学,汽车学院,http://www.qiche.chd.edu.cn/szdw/dwjg/jtaqx.htm
长安大学,汽车学院,http://www.qiche.chd.edu.cn/szdw/dwjg/scyxx.htm
长安大学,汽车学院,http://www.qiche.chd.edu.cn/szdw/dwjg/wlgcx.htm
长安大学,汽车学院,http://www.qiche.chd.edu.cn/szdw/dwjg/qcfwgcx.htm
西北工业大学,机电学院,http://jidian.nwpu.edu.cn/szdw.htm
西安理工大学,机械与精密仪器工程学院,http://jyxy.xaut.edu.cn/szdw/zzjs_jzx.aspx
西安理工大学,机械与精密仪器工程学院,http://jyxy.xaut.edu.cn/szdw/zzjs_jsx.aspx
西安理工大学,机械与精密仪器工程学院,http://jyxy.xaut.edu.cn/szdw/zzjs_jyx.aspx
西安理工大学,机械与精密仪器工程学院,http://jyxy.xaut.edu.cn/szdw/zzjs_gctx.aspx
西安科技大学,机械工程学院,http://jxxy.xust.edu.cn/list.jsp?urltype=tree.TreeTempUrl&wbtreeid=1017
西安科技大学,机械工程学院,http://jxxy.xust.edu.cn/list.jsp?a5t=3&a5p=2&a5c=15&urltype=tree.TreeTempUrl&wbtreeid=1017
西安科技大学,机械工程学院,http://jxxy.xust.edu.cn/list.jsp?a5t=3&a5p=3&a5c=15&urltype=tree.TreeTempUrl&wbtreeid=1017
东北林业大学,机电工程学院,http://cmee.nefu.edu.cn/tlist.asp?typeid=232
东北林业大学,机电工程学院,http://cmee.nefu.edu.cn/tlist.asp?typeid=257
东北林业大学,机电工程学院,http://cmee.nefu.edu.cn/tlist.asp?typeid=258
黑龙江工程学院,汽车与交通工程学院,http://www.hljit.edu.cn/Htmlfiles/qcyjtgcxy/szdw/2017/09/11/72658.html
东北石油大学,机械科学与工程学院,http://yxweb.nepu.edu.cn/jxx/szdw.htm
吉林大学,汽车工程学院,http://auto.jlu.edu.cn/dwjs/szdw/js.htm
吉林大学,汽车工程学院,http://auto.jlu.edu.cn/dwjs/szdw/js/8.htm
吉林大学,汽车工程学院,http://auto.jlu.edu.cn/dwjs/szdw/js/7.htm
吉林大学,汽车工程学院,http://auto.jlu.edu.cn/dwjs/szdw/js/6.htm
吉林大学,汽车工程学院,http://auto.jlu.edu.cn/dwjs/szdw/js/5.htm
吉林大学,汽车工程学院,http://auto.jlu.edu.cn/dwjs/szdw/js/4.htm
吉林大学,汽车工程学院,http://auto.jlu.edu.cn/dwjs/szdw/js/3.htm
吉林大学,汽车工程学院,http://auto.jlu.edu.cn/dwjs/szdw/js/2.htm
吉林大学,汽车工程学院,http://auto.jlu.edu.cn/dwjs/szdw/js/1.htm
吉林大学,汽车工程学院,http://auto.jlu.edu.cn/dwjs/szdw/fjs.htm
吉林大学,汽车工程学院,http://auto.jlu.edu.cn/dwjs/szdw/fjs/5.htm
吉林大学,汽车工程学院,http://auto.jlu.edu.cn/dwjs/szdw/fjs/4.htm
吉林大学,汽车工程学院,http://auto.jlu.edu.cn/dwjs/szdw/fjs/3.htm
吉林大学,汽车工程学院,http://auto.jlu.edu.cn/dwjs/szdw/fjs/2.htm
吉林大学,汽车工程学院,http://auto.jlu.edu.cn/dwjs/szdw/fjs/1.htm
吉林大学,机械科学与工程学院,http://mach.jlu.edu.cn/szdw1/szgc/szgc1.htm
大连理工大学,运载工程与力学学部,http://vehicle.dlut.edu.cn/szgk/azcpl.htm
大连交通大学,机械工程学院,http://ime.djtu.edu.cn/_contect/index.asp?f_menu_id=89
沈阳理工大学,汽车与交通学院,http://sites3.sylu.edu.cn/auto/team_thumbnail.jsp
华侨大学,机电及自动化学院,http://med.hqu.edu.cn/szll/jsfc.htm
福州大学,机械工程及自动化学院,http://jxxy.fzu.edu.cn/html/jsdw/jsml/1.html
兰州交通大学,机电工程学院,http://jdxy.lzjtu.edu.cn/xygk/szdw.htm
兰州理工大学,机电工程学院,http://jidian.lut.cn/www/hdclscontentmain.asp?classid=8
兰州理工大学,机电工程学院,http://jidian.lut.cn/www/HdClsContentMain.asp?ClassId=8&Keywords=&BClass=0&MainType=0&page=2
清华大学,电机工程与应用电子技术系,http://www.eea.tsinghua.edu.cn/publish/eea/7182/index.html
清华大学,电机工程与应用电子技术系,http://www.eea.tsinghua.edu.cn/publish/eea/7183/index.html
清华大学,电机工程与应用电子技术系,http://www.eea.tsinghua.edu.cn/publish/eea/7184/index.html
清华大学,电机工程与应用电子技术系,http://www.eea.tsinghua.edu.cn/publish/eea/7185/index.html
清华大学,电机工程与应用电子技术系,http://www.eea.tsinghua.edu.cn/publish/eea/7186/index.html
清华大学,电机工程与应用电子技术系,http://www.eea.tsinghua.edu.cn/publish/eea/7512/index.html
华中科技大学,电气与电子工程学院,http://ceee.hust.edu.cn/szdw/bssds.htm
华中科技大学,电气与电子工程学院,http://ceee.hust.edu.cn/szdw/sssds.htm
西安交通大学,电气工程学院,http://ee.xjtu.edu.cn/jzyg/jsxx.htm
武汉大学,电气工程学院,http://dqgcxy.whu.edu.cn/xygk/szdw/
哈尔滨工业大学,电气工程及自动化学院,http://hitee.hit.edu.cn/article/showPage/2704
东南大学,电气工程学院,http://ee.seu.edu.cn/13610/list.htm
北京理工大学,自动化学院,http://ac.bit.edu.cn/szdw/jsdw/index.htm
华南理工大学,电力学院,http://www2.scut.edu.cn/ep/5272/list.htm
天津大学,电气自动化与信息工程学院,http://www.tju.edu.cn/seea/szdw/dqgcx/
天津大学,电气自动化与信息工程学院,http://www.tju.edu.cn/seea/szdw/zdhx/
天津大学,电气自动化与信息工程学院,http://www.tju.edu.cn/seea/szdw/xxx/
天津大学,电气自动化与信息工程学院,http://www.tju.edu.cn/seea/szdw/txx/
南京航空航天大学,自动化学院,http://cae.nuaa.edu.cn/list/136
重庆大学,电气工程学院,http://www.cee.cqu.edu.cn/jsyd/jszy.htm
四川大学,电气信息学院,http://seei.scu.edu.cn/TeacherList.aspx
中南大学,信息科学与工程学院,http://202.197.61.251/sisehr/search.jsp
大连理工大学,电子信息与电气工程学部,http://ee.dlut.edu.cn/szdw1/azcpl.htm
西北工业大学,自动化学院,http://zdhxy.nwpu.edu.cn/szdw/dqgcx1.htm
西北工业大学,自动化学院,http://zdhxy.nwpu.edu.cn/szdw/fxykzxx.htm
西北工业大学,自动化学院,http://zdhxy.nwpu.edu.cn/szdw/ckjsyyqx.htm
西北工业大学,自动化学院,http://zdhxy.nwpu.edu.cn/szdw/jtykzgcx1.htm
西北工业大学,自动化学院,http://zdhxy.nwpu.edu.cn/szdw/kzyxxx1.htm
西北工业大学,自动化学院,http://zdhxy.nwpu.edu.cn/szdw/gjbmxy.htm
山东大学,电气工程学院,http://www.ee.sdu.edu.cn/szdw/ggjs.htm
山东大学,电气工程学院,http://www.ee.sdu.edu.cn/szdw/bsfc.htm
电子科技大学,电子工程学院,http://www.ee.uestc.edu.cn/index/15/75/164?enum=1
北京交通大学,电气工程学院,http://ee.bjtu.edu.cn/postgraduate/fxzn.htm
华北电力大学保定校区,电气与电子工程学院,http://electric.ncepu.edu.cn/szdw/jsdw/dgdzjxzx/index.htm
华北电力大学保定校区,电气与电子工程学院,http://electric.ncepu.edu.cn/szdw/jsdw/dlxtyjs/index.htm
华北电力大学保定校区,电气与电子工程学院,http://electric.ncepu.edu.cn/szdw/jsdw/dzkxyjs/index.htm
华北电力大学保定校区,电气与电子工程学院,http://electric.ncepu.edu.cn/szdw/jsdw/dcycddgyjs/index.htm
华北电力大学保定校区,电气与电子工程学院,http://electric.ncepu.edu.cn/szdw/jsdw/rxdlyjs/index.htm
华北电力大学保定校区,电气与电子工程学院,http://electric.ncepu.edu.cn/szdw/jsdw/gyyjs/index.htm
华北电力大学保定校区,电气与电子工程学院,http://electric.ncepu.edu.cn/szdw/jsdw/zndwyjs/index.htm
华北电力大学保定校区,电气与电子工程学院,http://electric.ncepu.edu.cn/szdw/jsdw/djyjs/index.htm
华北电力大学保定校区,电气与电子工程学院,http://electric.ncepu.edu.cn/szdw/jsdw/dlscyjs/index.htm
华北电力大学保定校区,电气与电子工程学院,http://electric.ncepu.edu.cn/szdw/jsdw/spdyjs/index.htm
华北电力大学保定校区,电气与电子工程学院,http://electric.ncepu.edu.cn/szdw/jsdw/txyjs/index.htm
华北电力大学保定校区,电气与电子工程学院,http://electric.ncepu.edu.cn/szdw/jsdw/dwyjs/index.htm
华北电力大学保定校区,电气与电子工程学院,http://electric.ncepu.edu.cn/szdw/jsdw/sfyjs/index.htm
华北电力大学保定校区,电气与电子工程学院,http://electric.ncepu.edu.cn/szdw/jsdw/dzxxyjs/index.htm
华北电力大学保定校区,电气与电子工程学院,http://electric.ncepu.edu.cn/szdw/jsdw/xnydwyjs/index.htm
吉林大学,仪器科学与电气工程学院,http://ciee.jlu.edu.cn/szdw.htm
湖南大学,电气与信息工程学院,http://eeit.hnu.edu.cn/index.php/dsce
湖南大学,电气与信息工程学院,http://eeit.hnu.edu.cn/index.php/dee
湖南大学,电气与信息工程学院,http://eeit.hnu.edu.cn/index.php/dest
南京理工大学,自动化学院,http://202.119.85.163/open/DsDir_View.aspx?yxsh=110
西南交通大学,电气工程学院,http://dqxy.swjtu.edu.cn/Website/Elec/teacher/teacher.html?flag=270
河海大学,能源与电气学院,http://ceee.hhu.edu.cn/5992/list.htm
中国农业大学,信息与电气工程学院,http://ciee.cau.edu.cn/col/col26690/index.html
西安电子科技大学,电子工程学院,http://web.xidian.edu.cn/showcollege.php?col_num=2
苏州大学,机电工程学院,http://jdxy.suda.edu.cn/ShowPage.aspx?id=42
合肥工业大学,电气与自动化工程学院,http://ea.hfut.edu.cn/eaweb/index.php/cn/teachers/teacher-3
哈尔滨工程大学,自动化学院,http://heuac.hrbeu.edu.cn/1467/list.htm
哈尔滨工程大学,自动化学院,http://heuac.hrbeu.edu.cn/1468/list.htm
上海大学,机电工程与自动化学院,http://www.auto.shu.edu.cn/Default.aspx?tabid=34233
南京邮电大学,自动化学院,http://coa.njupt.edu.cn/2212/list.htm
东华大学,信息科学与技术学院,http://web.dhu.edu.cn/cist/2970/list.htm
郑州大学,电气工程学院,http://www5.zzu.edu.cn/dianqi/info/1021/1001.htm
福州大学,电气工程与自动化学院,http://dqxy.fzu.edu.cn/html/lme/1.html
长安大学,电子与控制工程学院,http://ec.chd.edu.cn/info/1144/2714.htm
长安大学,电子与控制工程学院,http://ec.chd.edu.cn/info/1087/2679.htm
长安大学,电子与控制工程学院,http://ec.chd.edu.cn/info/1142/2712.htm
长安大学,电子与控制工程学院,http://ec.chd.edu.cn/info/1087/2669.htm
长安大学,电子与控制工程学院,http://ec.chd.edu.cn/info/1087/2672.htm
北京林业大学,工学院,http://gxy.bjfu.edu.cn/szdw/jiaoshou/index.html
北京林业大学,工学院,http://gxy.bjfu.edu.cn/szdw/fjs/index.html
中国矿业大学,电气与动力工程学院,http://seape.cumt.edu.cn/9128/list.htm
中国矿业大学,电气与动力工程学院,http://seape.cumt.edu.cn/9129/list.htm
安徽大学,电气工程与自动化学院,http://dqxy.ahu.edu.cn/e4/2f/c6132a58415/page.htm
安徽大学,电气工程与自动化学院,http://dqxy.ahu.edu.cn/e3/b4/c6131a58292/page.htm
长沙理工大学,电气与信息工程学院,http://www.csust.edu.cn/dq/szdw/dlgcx.htm
长沙理工大学,电气与信息工程学院,http://www.csust.edu.cn/dq/szdw/zdhx.htm
长沙理工大学,电气与信息工程学院,http://www.csust.edu.cn/dq/szdw/dzxxgcx.htm
华侨大学,信息科学与工程学院,http://eee.hqu.edu.cn/szdw.htm
辽宁大学,信息学院,http://sist.lnu.edu.cn/jsxx/yjsds.htm
辽宁大学,信息学院,http://sist.lnu.edu.cn/jsxx/yjsds/1.htm
贵州大学,电气工程学院,http://ee.gzu.edu.cn/3594/list.htm
贵州大学,电气工程学院,http://ee.gzu.edu.cn/3597/list.htm
贵州大学,电气工程学院,http://ee.gzu.edu.cn/3598/list.htm
贵州大学,电气工程学院,http://ee.gzu.edu.cn/3599/list.htm
南京工业大学,电气工程与控制科学学院,http://eecs.njtech.edu.cn/view.asp?id=523&class=184
西安理工大学,自动化与信息工程学院,http://zdh.xaut.edu.cn/szdw/xxykzgcx.htm
西安理工大学,自动化与信息工程学院,http://zdh.xaut.edu.cn/szdw/dqgcx.htm
西安理工大学,自动化与信息工程学院,http://zdh.xaut.edu.cn/szdw/dzgcx.htm
西安理工大学,自动化与信息工程学院,http://zdh.xaut.edu.cn/szdw/sdzx.htm
燕山大学,燕山大学电气工程学院,http://iee.ysu.edu.cn/teacher4.php?sub=1
燕山大学,燕山大学电气工程学院,http://iee.ysu.edu.cn/teacher4.php?sub=2
燕山大学,燕山大学电气工程学院,http://iee.ysu.edu.cn/teacher4.php?sub=3
燕山大学,燕山大学电气工程学院,http://iee.ysu.edu.cn/teacher4.php?sub=4
燕山大学,燕山大学电气工程学院,http://iee.ysu.edu.cn/teacher4.php?sub=5
燕山大学,燕山大学电气工程学院,http://iee.ysu.edu.cn/teacher4.php?sub=6
东北林业大学,机电工程学院,http://cmee.nefu.edu.cn/tlist.asp?typeid=232
东北林业大学,机电工程学院,http://cmee.nefu.edu.cn/tlist.asp?typeid=257
华东交通大学,电气与自动化工程学院,http://dqxy.ecjtu.jx.cn/849/list.htm
华东交通大学,电气与自动化工程学院,http://dqxy.ecjtu.jx.cn/850/list.htm
浙江工业大学,信息工程学院,http://www.ie.zjut.edu.cn/htm/shizi/teacherlist.asp?id=2&title=%BD%CC%CA%DA
浙江工业大学,信息工程学院,http://www.ie.zjut.edu.cn/htm/shizi/teacherlist.asp?id=3&title=%B8%B1%BD%CC%CA%DA
浙江工业大学,信息工程学院,http://www.ie.zjut.edu.cn/htm/shizi/teacherlist.asp?id=4&title=%BD%B2%CA%A6
天津科技大学,电子信息与自动化学院,http://zdh.tust.edu.cn/shizi.asp
三峡大学,电气与新能源学院,http://ee.ctgu.edu.cn/in/137
三峡大学,电气与新能源学院,http://ee.ctgu.edu.cn/in/137?p=2
三峡大学,电气与新能源学院,http://ee.ctgu.edu.cn/in/137?p=3
三峡大学,电气与新能源学院,http://ee.ctgu.edu.cn/in/137?p=4
三峡大学,电气与新能源学院,http://ee.ctgu.edu.cn/in/137?p=5
长春理工大学,电子信息工程学院,http://dx.cust.edu.cn/Photo.asp?PageClass=10509
长春理工大学,电子信息工程学院,http://dx.cust.edu.cn/Photo.asp?page=2&pageclass=10509
长春理工大学,电子信息工程学院,http://dx.cust.edu.cn/Photo.asp?page=3&pageclass=10509
长春理工大学,电子信息工程学院,http://dx.cust.edu.cn/Photo.asp?page=4&pageclass=10509
长春理工大学,电子信息工程学院,http://dx.cust.edu.cn/Photo.asp?page=5&pageclass=10509
长春理工大学,电子信息工程学院,http://dx.cust.edu.cn/Photo.asp?page=6&pageclass=10509
宁夏大学,物理与电子电气工程学院,http://phys.nxu.edu.cn/szdw/js.htm
宁夏大学,物理与电子电气工程学院,http://phys.nxu.edu.cn/szdw/js/3.htm
宁夏大学,物理与电子电气工程学院,http://phys.nxu.edu.cn/szdw/js/2.htm
宁夏大学,物理与电子电气工程学院,http://phys.nxu.edu.cn/szdw/js/1.htm
宁夏大学,物理与电子电气工程学院,http://phys.nxu.edu.cn/szdw/fjs.htm
宁夏大学,物理与电子电气工程学院,http://phys.nxu.edu.cn/szdw/fjs/3.htm
宁夏大学,物理与电子电气工程学院,http://phys.nxu.edu.cn/szdw/fjs/2.htm
宁夏大学,物理与电子电气工程学院,http://phys.nxu.edu.cn/szdw/fjs/1.htm
宁夏大学,物理与电子电气工程学院,http://phys.nxu.edu.cn/szdw/js1.htm
上海电力学院,电气工程学院,http://dqxy.shiep.edu.cn/2483/list.htm
上海电力学院,电气工程学院,http://dqxy.shiep.edu.cn/2484/list.htm
上海电力学院,电气工程学院,http://dqxy.shiep.edu.cn/2484/list2.htm
上海电力学院,电气工程学院,http://dqxy.shiep.edu.cn/2484/list3.htm
上海电力学院,电气工程学院,http://dqxy.shiep.edu.cn/2485/list.htm
上海电力学院,电气工程学院,http://dqxy.shiep.edu.cn/2485/list2.htm
上海电力学院,电气工程学院,http://dqxy.shiep.edu.cn/2485/list3.htm
上海电力学院,电气工程学院,http://dqxy.shiep.edu.cn/2485/list4.htm
上海电力学院,电气工程学院,http://dqxy.shiep.edu.cn/2485/list5.htm
集美大学,集美大学信息工程学院,http://ie.jmu.edu.cn/szdw.htm
青海大学,机械工程学院,http://jxxy.qhu.edu.cn/szgk/clcxjys/index.htm
青海大学,机械工程学院,http://jxxy.qhu.edu.cn/szgk/jxdzgcjys/index.htm
青海大学,机械工程学院,http://jxxy.qhu.edu.cn/szgk/gysjjys/index.htm
青海大学,机械工程学院,http://jxxy.qhu.edu.cn/szgk/yjgcjys/index.htm
青海大学,机械工程学院,http://jxxy.qhu.edu.cn/szgk/jxsjzzjqzdhjys/index.htm
青海大学,机械工程学院,http://jxxy.qhu.edu.cn/szgk/clgcjys/index.htm
青海大学,机械工程学院,http://jxxy.qhu.edu.cn/szgk/jxjcjys/index.htm
石河子大学,机械电气工程学院,http://jdxy.shzu.edu.cn/2108/list.htm
石河子大学,机械电气工程学院,http://jdxy.shzu.edu.cn/bssdsjj/list.htm
成都理工大学,核技术与自动化工程学院,http://www.cnae.cdut.edu.cn/html/troop/list_8_1.html
成都理工大学,核技术与自动化工程学院,http://www.cnae.cdut.edu.cn/html/troop/list_8_2.html
成都理工大学,核技术与自动化工程学院,http://www.cnae.cdut.edu.cn/html/troop/list_8_3.html
西南交通大学,电气工程学院,http://dqxy.swjtu.edu.cn/Website/Elec/teacher/teacher.html?flag=270
湖北工业大学,湖北工业大学,http://eee.hbut.edu.cn/html/shiziduiwu/yanjiushengdaoshi/
天津工业大学,电气工程与自动化学院,http://dqgc.tjpu.edu.cn/1732/list.htm
哈尔滨理工大学,电气与电子工程学院,http://www1.hrbust.edu.cn/xueyuan/ele/10ele/aboutA.asp?ClassID=493
哈尔滨理工大学,电气与电子工程学院,http://www1.hrbust.edu.cn/xueyuan/ele/10ele/aboutA.asp?ClassID=494
华北水利水电大学,电力学院,http://www5.ncwu.edu.cn/dianli/contents/2817/27925.html
华北水利水电大学,信息工程学院,http://www5.ncwu.edu.cn/xingong/Contents/Legislation/2013-10-24-10-33-0-15749.htm
大连交通大学,电气信息学院,http://dxxy.djtu.edu.cn/products.asp?aid=120
大连交通大学,电气信息学院,http://dxxy.djtu.edu.cn/products.asp?page=2&aid=120
大连交通大学,电气信息学院,http://dxxy.djtu.edu.cn/products.asp?aid=119
大连交通大学,电气信息学院,http://dxxy.djtu.edu.cn/products.asp?page=5&aid=119
大连交通大学,电气信息学院,http://dxxy.djtu.edu.cn/products.asp?page=4&aid=119
大连交通大学,电气信息学院,http://dxxy.djtu.edu.cn/products.asp?page=3&aid=119
大连交通大学,电气信息学院,http://dxxy.djtu.edu.cn/products.asp?page=2&aid=119
大连交通大学,电气信息学院,http://dxxy.djtu.edu.cn/products.asp?aid=121
大连交通大学,电气信息学院,http://dxxy.djtu.edu.cn/products.asp?aid=118
湖南科技大学,信息与电气工程学院,http://xinxi.hnust.edu.cn/szdw/zzjs/index.htm
北京石油化工学院,信息工程学院,http://www.bipt.edu.cn/pub/xinxi/szdw/jsml/zdhx/index.htm
北京石油化工学院,信息工程学院,http://www.bipt.edu.cn/pub/xinxi/szdw/jsml/jsjkxyjzx/index.htm
北京石油化工学院,信息工程学院,http://www.bipt.edu.cn/pub/xinxi/szdw/jsml/txgcx/index.htm
北京石油化工学院,信息工程学院,http://www.bipt.edu.cn/pub/xinxi/szdw/jsml/dqgcjqzdhx/index.htm
山东科技大学,电气与自动化工程学院,http://xindian.sdust.edu.cn/channels/27.html
山东科技大学,电气与自动化工程学院,http://xindian.sdust.edu.cn/channels/27.html
河南理工大学,电气工程与自动化学院,http://seea.hpu.edu.cn/dqweb/photob.aspx?index=d02
河南理工大学,电气工程与自动化学院,http://seea.hpu.edu.cn/dqweb/photob.aspx?index=d03
河南理工大学,电气工程与自动化学院,http://seea.hpu.edu.cn/dqweb/photob.aspx?index=d04
河南理工大学,电气工程与自动化学院,http://seea.hpu.edu.cn/dqweb/photob.aspx?index=d05
河南理工大学,电气工程与自动化学院,http://seea.hpu.edu.cn/dqweb/photob.aspx?index=d06
河南理工大学,电气工程与自动化学院,http://seea.hpu.edu.cn/dqweb/photob.aspx?index=d09
西华大学,电气与电子信息学院,http://seie.xhu.edu.cn/2785/list.htm
西华大学,电气与电子信息学院,http://seie.xhu.edu.cn/3088/list.htm
西华大学,电气与电子信息学院,http://seie.xhu.edu.cn/3089/list.htm
中北大学,电气与控制工程学院,http://ece.nuc.edu.cn/ky/ybds.htm
广东海洋大学,电子与信息工程学院,http://210.38.137.68/dxxy/index.php?m=content&c=index&a=lists&catid=113
浙江科技学院,自动化与电气工程学院,http://aee.zust.edu.cn/index.php/index/content/id/3705
安徽工业大学,电气与信息工程学院,http://dqxx.ahut.edu.cn/szdw1/jsml.htm
河南工业大学,电气工程学院,http://cee.haut.edu.cn/xygk/szdw.htm
河南工业大学,电气工程学院,http://cee.haut.edu.cn/xygk/szdw/5.htm
河南工业大学,电气工程学院,http://cee.haut.edu.cn/xygk/szdw/4.htm
河南工业大学,电气工程学院,http://cee.haut.edu.cn/xygk/szdw/3.htm
河南工业大学,电气工程学院,http://cee.haut.edu.cn/xygk/szdw/2.htm
河南工业大学,电气工程学院,http://cee.haut.edu.cn/xygk/szdw/1.htm
山东建筑大学,信息与电气工程学院,http://xwzx2016.sdjzu.edu.cn/xdxy/szdw.htm
山东建筑大学,信息与电气工程学院,http://xwzx2016.sdjzu.edu.cn/xdxy/szdw/1.htm
南昌航空大学,信息工程学院,http://sie.nchu.edu.cn/channel/index.asp?channelid=3
武汉纺织大学,电子与电气工程学院,http://ei.wtu.edu.cn/szdw/js/1.htm
武汉纺织大学,电子与电气工程学院,http://ei.wtu.edu.cn/szdw/js.htm
山西农业大学,工学院,http://gxy.sxau.edu.cn/szdw/jsml.htm
长江大学,电子信息学院,http://dxxy.yangtzeu.edu.cn/teacher1.html
嘉兴学院,机电工程学院,http://jdxy.zjxu.edu.cn/szdw/jsml.htm
河北科技大学,电气工程学院,http://dqxy.web.hebust.edu.cn/szll/msfc/index.htm
江西理工大学,电气工程与自动化学院,http://dq.jxust.edu.cn/szdw/yjsds.htm
江西理工大学,电气工程与自动化学院,http://dq.jxust.edu.cn/szdw/yjsds/1.htm
西安工程大学,电子信息学院,http://dxxy.xpu.edu.cn/szdw/szll.htm
山东理工大学,电气与电子学院,http://dz.sdut.edu.cn/article-1331.html
兰州理工大学,电气工程与信息工程学院,http://dianqi.lut.cn/www/HdClsContentMain.asp?ClassId=28
南华大学,电气工程学院,http://dqxy.usc.edu.cn/xygk/szdw.htm
西南民族大学,电气信息工程学院,http://dxxy.swun.edu.cn/szdw1.htm#teacher3
西南科技大学,信息工程学院,http://www.info.swust.edu.cn/plus/list.php?tid=21
淮海工学院,电子工程学院,http://dzgcxy.hhit.edu.cn/xygk/bmcy.htm
安徽建筑大学,电子与信息工程学院,http://www.ahjzu.edu.cn/dxxy/6533/list.htm
安徽建筑大学,电子与信息工程学院,http://www.ahjzu.edu.cn/dxxy/6533/list2.htm
安徽建筑大学,电子与信息工程学院,http://www.ahjzu.edu.cn/dxxy/6533/list3.htm
湖南工程学院,电气信息学院,http://dqxy.hnie.edu.cn/yjsjy/dsjj/daoshi.html
辽宁科技大学,机械工程与自动化学院,http://www.ustl.edu.cn/jxxy/xkyjs/yjsgz/6652.htm
辽宁工业大学,电气工程学院,http://dqxy.lnut.edu.cn/szdw/js.htm
辽宁工业大学,电气工程学院,http://dqxy.lnut.edu.cn/szdw/fjs.htm
辽宁工业大学,电气工程学院,http://dqxy.lnut.edu.cn/szdw/ssds.htm
南昌工程学院,机械与电气工程,http://machine.nit.edu.cn/szdw/jsfc.htm
南昌工程学院,机械与电气工程,http://machine.nit.edu.cn/szdw/jsfc/1.htm
南昌工程学院,信息工程学院,http://computer.nit.edu.cn/jiaoshiduiw/js.htm
吉林化工学院,机电工程学院,http://jdxy.jlict.edu.cn/html/szdw/jsml/
山东工商学院,信息与电子工程学院,http://xd.sdibt.edu.cn/list.jsp?urltype=tree.TreeTempUrl&wbtreeid=1047
山东工商学院,信息与电子工程学院,http://xd.sdibt.edu.cn/list.jsp?urltype=tree.TreeTempUrl&wbtreeid=1048
山东工商学院,信息与电子工程学院,http://xd.sdibt.edu.cn/list.jsp?urltype=tree.TreeTempUrl&wbtreeid=1049
山东工商学院,信息与电子工程学院,http://xd.sdibt.edu.cn/list.jsp?urltype=tree.TreeTempUrl&wbtreeid=1050
山东工商学院,信息与电子工程学院,http://xd.sdibt.edu.cn/list.jsp?urltype=tree.TreeTempUrl&wbtreeid=1051
山东工商学院,信息与电子工程学院,http://xd.sdibt.edu.cn/list.jsp?urltype=tree.TreeTempUrl&wbtreeid=1052
鲁东大学,信息与电气工程学院,http://www.xinke.ldu.edu.cn/szdw/bksds.htm
鲁东大学,信息与电气工程学院,http://www.xinke.ldu.edu.cn/szdw/jsjj.htm
湖北理工学院,电气与电子信息工程学院,http://dq.hbpu.edu.cn/class-14-43.aspx
湖北理工学院,电气与电子信息工程学院,http://dq.hbpu.edu.cn/class-14-43(2).aspx
沈阳化工大学,信息工程学院,http://xinxi.syuct.edu.cn/xwzx.asp?classid=74
湖北汽车工业学院,电气与信息工程学院,http://dxxy.huat.edu.cn/ejym_jslb.aspx?gndm=010202
重庆三峡学院,电子与信息工程学院,http://www.sanxiau.edu.cn/dxy/list.jsp?urltype=tree.TreeTempUrl&wbtreeid=1047
重庆三峡学院,电子与信息工程学院,http://www.sanxiau.edu.cn/dxy/list.jsp?a132544t=3&a132544p=2&a132544c=16&urltype=tree.TreeTempUrl&wbtreeid=1049
重庆三峡学院,电子与信息工程学院,http://www.sanxiau.edu.cn/dxy/list.jsp?a132544t=3&a132544p=3&a132544c=16&urltype=tree.TreeTempUrl&wbtreeid=1049
重庆三峡学院,电子与信息工程学院,http://www.sanxiau.edu.cn/dxy/list.jsp?urltype=tree.TreeTempUrl&wbtreeid=1049
湖北师范学院,物理与电子科学学院,http://www.phy.hbnu.edu.cn/node/51
长沙学院,电子信息与电气工程学院,http://dxxy.ccsu.cn/szdw/jsfc.htm
河北农业大学,机电工程学院,http://jidian.hebau.edu.cn/jigou/dianqi.html
河北农业大学,机电工程学院,http://jidian.hebau.edu.cn/jigou/jixie.html
河北农业大学,机电工程学院,http://jidian.hebau.edu.cn/jigou/jihua.html
长春工业大学,电气与电子工程学院,http://www.dqxy.ccut.edu.cn/663/list.htm
长春工业大学,电气与电子工程学院,http://www.dqxy.ccut.edu.cn/663/list2.htm
长春工业大学,电气与电子工程学院,http://www.dqxy.ccut.edu.cn/664/list.htm
郑州轻工业学院,电子信息工程学院,http://cs.zzuli.edu.cn/s/98/t/356/p/100/c/4584/d/5078/list.htm
郑州轻工业学院,电子信息工程学院,http://cs.zzuli.edu.cn/s/98/t/356/p/100/c/4584/d/5083/list.htm
郑州轻工业学院,电子信息工程学院,http://cs.zzuli.edu.cn/s/98/t/356/p/100/c/4584/d/5080/list.htm
黑龙江科技大学,电子与信息工程学院,http://dianzi.usth.net.cn/szdw/js.htm
黑龙江科技大学,电子与信息工程学院,http://dianzi.usth.net.cn/szdw/fjs.htm
黑龙江科技大学,电子与信息工程学院,http://dianzi.usth.net.cn/szdw/zjjs.htm
六盘水师范学院,电气工程学院,http://www.lpssy.edu.cn/wlydzkxx/1292/list.htm
重庆文理学院,电子电气工程学院,http://dzdq.cqwu.net/channel_21946_031.html
防灾科技学院,灾害信息工程系,http://ie.cidp.edu.cn/Departmentszdw.aspx
防灾科技学院,灾害信息工程系,http://ie.cidp.edu.cn/Departmentszdw.aspx
防灾科技学院,灾害信息工程系,http://ie.cidp.edu.cn/Departmentszdw.aspx
防灾科技学院,灾害信息工程系,http://ie.cidp.edu.cn/Departmentszdw.aspx
西北民族大学,电气工程学院,http://cms.xbmu.edu.cn/frontChannelPage.action?siteId=56&articleClassId=2398&articleId=
西北民族大学,电气工程学院,http://cms.xbmu.edu.cn/frontChannelPage.action?siteId=56&articleClassId=2399&articleId=
西北民族大学,电气工程学院,http://cms.xbmu.edu.cn/frontChannelPage.action?siteId=56&articleClassId=2400&articleId=
西北民族大学,电气工程学院,http://cms.xbmu.edu.cn/frontChannelPage.action?siteId=56&articleClassId=2401&articleId=
西北民族大学,电气工程学院,http://cms.xbmu.edu.cn/frontChannelPage.action?siteId=56&articleClassId=2469&articleId=